issue_type,row_ids,detail
CROSS_REFERENCE_CANDIDATE,1097;376,"NCCE row 'Abubakar Tatari Polytechnic' best matches 'Abubakar Tatari Ali Polytechnic, Bauchi' at ratio=0.82. NOT auto-merged, confirm by hand. If confirmed, merge manually and drop the NCCE row's separate import."
CROSS_REFERENCE_CANDIDATE,1231;397,"NCCE row 'Hassan Usman Katsina Polytechnic' best matches 'Hassan Usman Katsina Polytechnic, Katshina' at ratio=0.86. NOT auto-merged, confirm by hand. If confirmed, merge manually and drop the NCCE row's separate import."
CROSS_REFERENCE_CANDIDATE,1255;393,"NCCE row 'Jigawa State Polytechnic' best matches 'Jigawa State Polytechnic, Dutse' at ratio=0.87. NOT auto-merged, confirm by hand. If confirmed, merge manually and drop the NCCE row's separate import."
CROSS_REFERENCE_CANDIDATE,1258;350,"NCCE row 'Kaduna Polytechnics' best matches 'Kaduna Polytechnic, Kaduna' at ratio=0.80. NOT auto-merged, confirm by hand. If confirmed, merge manually and drop the NCCE row's separate import."
CROSS_REFERENCE_CANDIDATE,1261;395,"NCCE row 'Kano State Polytechnic' best matches 'Kano State Polytechnic, Kano' at ratio=0.88. NOT auto-merged, confirm by hand. If confirmed, merge manually and drop the NCCE row's separate import."
CROSS_REFERENCE_CANDIDATE,1264;398,"NCCE row 'Kebbi State Polytechnic' best matches 'Kebbi State Polytechnic Dakingari' at ratio=0.82. NOT auto-merged, confirm by hand. If confirmed, merge manually and drop the NCCE row's separate import."
CROSS_REFERENCE_CANDIDATE,1291;394,"NCCE row 'Nuhu Bamalli Polytechnic' best matches 'Nuhu Bamalli Polytechnic, Zaria' at ratio=0.87. NOT auto-merged, confirm by hand. If confirmed, merge manually and drop the NCCE row's separate import."
CROSS_REFERENCE_CANDIDATE,1311;421,"NCCE row 'Plateau State Polytechnic' best matches 'Plateau State Polytechnic, Barkin-Ladi' at ratio=0.79. NOT auto-merged, confirm by hand. If confirmed, merge manually and drop the NCCE row's separate import."
CROSS_REFERENCE_CANDIDATE,1315;536,"NCCE row 'Ramat Polytechnic' best matches 'Yenagoa Polytechnic' at ratio=0.78. NOT auto-merged, confirm by hand. If confirmed, merge manually and drop the NCCE row's separate import."
CROSS_REFERENCE_CANDIDATE,1338;525,"NCCE row 'The Polytechnic Iree, Osun State' best matches 'Wolex Polytechnic, Iwo, Osun State' at ratio=0.82. NOT auto-merged, confirm by hand. If confirmed, merge manually and drop the NCCE row's separate import."
CROSS_REFERENCE_CANDIDATE,1352;355,"NCCE row 'Waziri Umaru Federal Polytechnic' best matches 'Waziri Umaru Federal Polytechnic, Birnin-Kebbi' at ratio=0.82. NOT auto-merged, confirm by hand. If confirmed, merge manually and drop the NCCE row's separate import."
MEDIUM_CONFIDENCE_DUPLICATE,3;220,"'Bayero University, Kano' vs 'Skyline University, Kano', ratio=0.81, states: Kano / Kano."
MEDIUM_CONFIDENCE_DUPLICATE,236;248,"'Capital City University, Kano State' vs 'Baba Ahmed University, Kano State', ratio=0.76, states: Kano / Kano."
MEDIUM_CONFIDENCE_DUPLICATE,236;264,"'Capital City University, Kano State' vs 'Azman University, Kano State', ratio=0.79, states: Kano / Kano."
MEDIUM_CONFIDENCE_DUPLICATE,248;264,"'Baba Ahmed University, Kano State' vs 'Azman University, Kano State', ratio=0.82, states: Kano / Kano."
MEDIUM_CONFIDENCE_DUPLICATE,137;252,"'AbdulKadir Kure University, Minna Niger State' vs 'Newgate University, MInna, Niger State.', ratio=0.77, states: Niger / Niger."
MEDIUM_CONFIDENCE_DUPLICATE,137;286,"'AbdulKadir Kure University, Minna Niger State' vs 'El-Amin University, Minna, Niger State', ratio=0.77, states: Niger / Niger."
MEDIUM_CONFIDENCE_DUPLICATE,252;286,"'Newgate University, MInna, Niger State.' vs 'El-Amin University, Minna, Niger State', ratio=0.84, states: Niger / Niger."
MEDIUM_CONFIDENCE_DUPLICATE,9;46,"'Federal University, Dutse, Jigawa State' vs 'Federal University of Technology, Babura, Jigawa State', ratio=0.75, states: Jigawa / Jigawa."
MEDIUM_CONFIDENCE_DUPLICATE,10;57,"'Federal University, Dutsin-Ma, Katsina' vs 'Federal University of Health Sciences, Katsina', ratio=0.76, states: Katsina / Katsina."
MEDIUM_CONFIDENCE_DUPLICATE,11;288,"'Federal University, Kashere, Gombe State' vs 'Jewel University, Gombe state', ratio=0.78, states: Gombe / Gombe."
MEDIUM_CONFIDENCE_DUPLICATE,12;228,"'Federal University, Lafia, Nasarawa State' vs 'Ave Maria University, Piyanko, Nasarawa State', ratio=0.77, states: Nasarawa / Nasarawa."
MEDIUM_CONFIDENCE_DUPLICATE,12;239,"'Federal University, Lafia, Nasarawa State' vs 'Mewar International University, Masaka, Nasarawa State', ratio=0.76, states: Nasarawa / Nasarawa."
MEDIUM_CONFIDENCE_DUPLICATE,12;272,"'Federal University, Lafia, Nasarawa State' vs 'Phoenix University, Agwada, Nasarawa State', ratio=0.77, states: Nasarawa / Nasarawa."
MEDIUM_CONFIDENCE_DUPLICATE,13;291,"'Federal University, Lokoja, Kogi State' vs 'Al-Bayan University, Ankpa, Kogi State', ratio=0.76, states: Kogi / Kogi."
MEDIUM_CONFIDENCE_DUPLICATE,16;180,"'Federal University, Oye-Ekiti, Ekiti State' vs 'Afe Babalola University, Ado-Ekiti - Ekiti State', ratio=0.82, states: Ekiti / Ekiti."
MEDIUM_CONFIDENCE_DUPLICATE,16;277,"'Federal University, Oye-Ekiti, Ekiti State' vs 'Venite University, Iloro-Ekiti, Ekiti State', ratio=0.82, states: Ekiti / Ekiti."
MEDIUM_CONFIDENCE_DUPLICATE,16;325,"'Federal University, Oye-Ekiti, Ekiti State' vs 'High Flyers University, Ikere-Ekiti, Ekiti State', ratio=0.80, states: Ekiti / Ekiti."
MEDIUM_CONFIDENCE_DUPLICATE,126;274,"'Bamidele Olumilua University of Science and Technology Ikere, Ekiti State' vs 'Hillside University of Science and Technology, Okemisi, Ekiti State', ratio=0.80, states: Ekiti / Ekiti."
MEDIUM_CONFIDENCE_DUPLICATE,277;325,"'Venite University, Iloro-Ekiti, Ekiti State' vs 'High Flyers University, Ikere-Ekiti, Ekiti State', ratio=0.77, states: Ekiti / Ekiti."
MEDIUM_CONFIDENCE_DUPLICATE,19;265,"'Federal University, Gusau Zamfara' vs 'Huda University, Gusau, Zamafara State', ratio=0.79, states: Zamfara / unknown."
MEDIUM_CONFIDENCE_DUPLICATE,282;285,"'Miva Open University, Abuja FCT' vs 'Al-Muhibbah Open University, Abuja', ratio=0.80, states: FCT / FCT."
MEDIUM_CONFIDENCE_DUPLICATE,22;182,"'National Open University of Nigeria, Abuja' vs 'Nile University of Nigeria, Abuja', ratio=0.88, states: FCT / FCT."
MEDIUM_CONFIDENCE_DUPLICATE,22;267,"'National Open University of Nigeria, Abuja' vs 'Canadian University of Nigeria, Abuja', ratio=0.86, states: FCT / FCT."
MEDIUM_CONFIDENCE_DUPLICATE,22;326,"'National Open University of Nigeria, Abuja' vs 'Ummah University of Nigeria, Abuja', ratio=0.79, states: FCT / FCT."
MEDIUM_CONFIDENCE_DUPLICATE,37;182,"'University of Nigeria, Nsukka' vs 'Nile University of Nigeria, Abuja', ratio=0.81, states: unknown / FCT."
MEDIUM_CONFIDENCE_DUPLICATE,37;267,"'University of Nigeria, Nsukka' vs 'Canadian University of Nigeria, Abuja', ratio=0.76, states: unknown / FCT."
MEDIUM_CONFIDENCE_DUPLICATE,37;326,"'University of Nigeria, Nsukka' vs 'Ummah University of Nigeria, Abuja', ratio=0.79, states: unknown / FCT."
MEDIUM_CONFIDENCE_DUPLICATE,154;182,"'American University of Nigeria, Yola' vs 'Nile University of Nigeria, Abuja', ratio=0.75, states: unknown / FCT."
MEDIUM_CONFIDENCE_DUPLICATE,154;267,"'American University of Nigeria, Yola' vs 'Canadian University of Nigeria, Abuja', ratio=0.79, states: unknown / FCT."
MEDIUM_CONFIDENCE_DUPLICATE,182;267,"'Nile University of Nigeria, Abuja' vs 'Canadian University of Nigeria, Abuja', ratio=0.89, states: FCT / FCT."
MEDIUM_CONFIDENCE_DUPLICATE,182;326,"'Nile University of Nigeria, Abuja' vs 'Ummah University of Nigeria, Abuja', ratio=0.87, states: FCT / FCT."
MEDIUM_CONFIDENCE_DUPLICATE,267;326,"'Canadian University of Nigeria, Abuja' vs 'Ummah University of Nigeria, Abuja', ratio=0.85, states: FCT / FCT."
MEDIUM_CONFIDENCE_DUPLICATE,54;173,"'National University of Science and Technology, Abuja' vs 'African University of Science and Technology, Abuja', ratio=0.87, states: FCT / FCT."
MEDIUM_CONFIDENCE_DUPLICATE,177;296,"'Veritas University, Abuja' vs 'Eranova University, Abuja', ratio=0.84, states: FCT / FCT."
MEDIUM_CONFIDENCE_DUPLICATE,177;322,"'Veritas University, Abuja' vs 'City University Abuja', ratio=0.83, states: FCT / FCT."
MEDIUM_CONFIDENCE_DUPLICATE,241;289,"'Philomath University, Kuje, Abuja' vs 'Prime University, Kuje, FCT Abuja', ratio=0.82, states: FCT / FCT."
MEDIUM_CONFIDENCE_DUPLICATE,281;322,"'Cosmopolitan University Abuja' vs 'City University Abuja', ratio=0.80, states: FCT / FCT."
MEDIUM_CONFIDENCE_DUPLICATE,282;306,"'Miva Open University, Abuja FCT' vs 'Leadership University, Abuja, FCT', ratio=0.75, states: FCT / FCT."
MEDIUM_CONFIDENCE_DUPLICATE,59;69,"'Federal University of Education, Zaria, Kaduna State' vs 'Federal University of Applied Sciences, Kachia, Kaduna State', ratio=0.82, states: Kaduna / Kaduna."
MEDIUM_CONFIDENCE_DUPLICATE,279;327,"'The Duke Medical University, Calabar, Cross River State' vs 'Pearl University, Calabar, Cross river', ratio=0.77, states: Cross River / Cross River."
MEDIUM_CONFIDENCE_DUPLICATE,155;164,"'Ajayi Crowther University, Ibadan' vs 'Lead City University, Ibadan', ratio=0.75, states: unknown / unknown."
MEDIUM_CONFIDENCE_DUPLICATE,207;209,"'Kola Daisi University Ibadan, Oyo State' vs 'Dominican University Ibadan Oyo State', ratio=0.79, states: Oyo / Oyo."
MEDIUM_CONFIDENCE_DUPLICATE,207;222,"'Kola Daisi University Ibadan, Oyo State' vs 'Dominion University Ibadan, Oyo State', ratio=0.84, states: Oyo / Oyo."
HIGH_CONFIDENCE_DUPLICATE,209;222,"'Dominican University Ibadan Oyo State' vs 'Dominion University Ibadan, Oyo State', ratio=0.95, states: Oyo / Oyo."
MEDIUM_CONFIDENCE_DUPLICATE,209;284,"'Dominican University Ibadan Oyo State' vs 'West Midlands Open University, Ibadan, Oyo State', ratio=0.75, states: Oyo / Oyo."
MEDIUM_CONFIDENCE_DUPLICATE,222;284,"'Dominion University Ibadan, Oyo State' vs 'West Midlands Open University, Ibadan, Oyo State', ratio=0.80, states: Oyo / Oyo."
MEDIUM_CONFIDENCE_DUPLICATE,34;39,"'University of Jos' vs 'University of Uyo', ratio=0.88, states: unknown / unknown."
MEDIUM_CONFIDENCE_DUPLICATE,35;171,"'University of Lagos' vs 'Caleb University, Lagos', ratio=0.76, states: Lagos / Lagos."
MEDIUM_CONFIDENCE_DUPLICATE,153;171,"'Pan-Atlantic University, Lagos' vs 'Caleb University, Lagos', ratio=0.75, states: Lagos / Lagos."
MEDIUM_CONFIDENCE_DUPLICATE,153;227,"'Pan-Atlantic University, Lagos' vs 'Maranatha University, Lagos', ratio=0.81, states: Lagos / Lagos."
MEDIUM_CONFIDENCE_DUPLICATE,171;227,"'Caleb University, Lagos' vs 'Maranatha University, Lagos', ratio=0.76, states: Lagos / Lagos."
MEDIUM_CONFIDENCE_DUPLICATE,208;234,"'Anchor University Ayobo Lagos State' vs 'James Hope University, Lagos, Lagos State', ratio=0.76, states: Lagos / Lagos."
MEDIUM_CONFIDENCE_DUPLICATE,234;312,"'James Hope University, Lagos, Lagos State' vs 'Unique Open University, Ojo, Lagos State', ratio=0.79, states: Lagos / Lagos."
MEDIUM_CONFIDENCE_DUPLICATE,47;75,"'Federal University of Technology, Ikot Abasi, Akwa Ibom State' vs 'Federal University of Agriculture and Technology Obio-Akpa Akwa Ibom State', ratio=0.80, states: Akwa Ibom / Akwa Ibom."
MEDIUM_CONFIDENCE_DUPLICATE,213;261,"'Coal City University Enugu State' vs 'PeaceLand University, Enugu State', ratio=0.77, states: Enugu / Enugu."
MEDIUM_CONFIDENCE_DUPLICATE,233;242,"'Karl-Kumm University, Vom, Plateau State' vs 'Anan University, Kwall, Plateau State', ratio=0.75, states: Plateau / Plateau."
MEDIUM_CONFIDENCE_DUPLICATE,240;252,"'Edusoko University, Bida, Niger State' vs 'Newgate University, MInna, Niger State.', ratio=0.77, states: Niger / Niger."
MEDIUM_CONFIDENCE_DUPLICATE,240;286,"'Edusoko University, Bida, Niger State' vs 'El-Amin University, Minna, Niger State', ratio=0.77, states: Niger / Niger."
MEDIUM_CONFIDENCE_DUPLICATE,240;310,"'Edusoko University, Bida, Niger State' vs 'JEFAP University, Suleja, Niger State', ratio=0.76, states: Niger / Niger."
MEDIUM_CONFIDENCE_DUPLICATE,252;310,"'Newgate University, MInna, Niger State.' vs 'JEFAP University, Suleja, Niger State', ratio=0.77, states: Niger / Niger."
MEDIUM_CONFIDENCE_DUPLICATE,286;310,"'El-Amin University, Minna, Niger State' vs 'JEFAP University, Suleja, Niger State', ratio=0.77, states: Niger / Niger."
MEDIUM_CONFIDENCE_DUPLICATE,212;307,"'Ojaja University Eiyenkorin, Kwara State' vs 'Jimoh Babalola University, Ilorin, Kwara State', ratio=0.77, states: Kwara / Kwara."
MEDIUM_CONFIDENCE_DUPLICATE,238;300,"'University of Offa, Kwara State' vs 'Lens University, Ilemona, Kwara State', ratio=0.76, states: Kwara / Kwara."
MEDIUM_CONFIDENCE_DUPLICATE,254;283,"'NorthWest University Sokoto State' vs 'Iconic Open University, Sokoto State.', ratio=0.78, states: Sokoto / Sokoto."
MEDIUM_CONFIDENCE_DUPLICATE,184;210,"'Paul University, Awka - Anambra State' vs 'Legacy University, Okija Anambra State', ratio=0.82, states: Anambra / Anambra."
MEDIUM_CONFIDENCE_DUPLICATE,184;251,"'Paul University, Awka - Anambra State' vs 'Peter University, Achina-Onneh Anambra State', ratio=0.76, states: Anambra / Anambra."
MEDIUM_CONFIDENCE_DUPLICATE,210;278,"'Legacy University, Okija Anambra State' vs 'Shanahan University Onitsha, Anambra State', ratio=0.75, states: Anambra / Anambra."
MEDIUM_CONFIDENCE_DUPLICATE,223;294,"'Trinity University Ogun State' vs 'New City University, Ayetoro, Ogun State', ratio=0.75, states: Ogun / Ogun."
MEDIUM_CONFIDENCE_DUPLICATE,835;900,"'Aliko Dangote College of Nursing & Midwifery, Bauchi, Bauchi State' vs 'Malikiya College of Nursing Sciences, Bauchi, Bauchi State.', ratio=0.80, states: Bauchi / Bauchi."
MEDIUM_CONFIDENCE_DUPLICATE,900;902,"'Malikiya College of Nursing Sciences, Bauchi, Bauchi State.' vs 'Al-Huda College of Nursing Sciences, Bauchi', ratio=0.77, states: Bauchi / Bauchi."
MEDIUM_CONFIDENCE_DUPLICATE,597;656,"'Nigerian Army School of Finance and Administration, Apapa, Lagos' vs 'Nigerian Army School of Signals, Apapa, Lagos', ratio=0.77, states: Lagos / Lagos."
HIGH_CONFIDENCE_DUPLICATE,598;611,"'Nigerian Navy College of Accounts & Finance Owerrinta, Abia State' vs 'Nigerian Navy College of Accounts and Finance Owerrinta, Abia State', ratio=0.97, states: Abia / Abia."
MEDIUM_CONFIDENCE_DUPLICATE,336;715,"'Nigerian Army College of Environmental Science and Technology, Makurdi' vs 'Nazareth College of Health Science and Technology, Makurdi', ratio=0.80, states: Benue / unknown."
MEDIUM_CONFIDENCE_DUPLICATE,457;608,"'Intercontinental College of Technology, Makurdi, Benue State' vs 'International College of Technology, Makurdi, Benue State', ratio=0.91, states: Benue / Benue."
MEDIUM_CONFIDENCE_DUPLICATE,580;581,"'Federal Training Centre, Kaduna' vs 'Federal Training Centre, Maiduguri', ratio=0.86, states: Kaduna / unknown."
MEDIUM_CONFIDENCE_DUPLICATE,581;621,"'Federal Training Centre, Maiduguri' vs 'Federal Training Centre, Calabar', ratio=0.82, states: unknown / Cross River."
MEDIUM_CONFIDENCE_DUPLICATE,581;632,"'Federal Training Centre, Maiduguri' vs 'Federal Training Centre, Enugu', ratio=0.88, states: unknown / Enugu."
MEDIUM_CONFIDENCE_DUPLICATE,581;652,"'Federal Training Centre, Maiduguri' vs 'Federal Training Centre, Ilorin', ratio=0.86, states: unknown / Kwara."
MEDIUM_CONFIDENCE_DUPLICATE,581;654,"'Federal Training Centre, Maiduguri' vs 'Federal Training Centre, Ikoyi', ratio=0.84, states: unknown / Lagos."
MEDIUM_CONFIDENCE_DUPLICATE,381;382,"'Delta State Polytechnic, Ogwashi-Uku' vs 'Delta State Polytechnic, Otefe-Oghara', ratio=0.77, states: Delta / Delta."
MEDIUM_CONFIDENCE_DUPLICATE,916;918,"'Anchor College of Nursing Sciences, Asaba, Delta State' vs 'Delta College of Nursing Sciences Agbor Campus Delta State.', ratio=0.79, states: Delta / Delta."
MEDIUM_CONFIDENCE_DUPLICATE,916;919,"'Anchor College of Nursing Sciences, Asaba, Delta State' vs 'Delta State College of Nursing Sciences Asaba Campus Delta State.', ratio=0.80, states: Delta / Delta."
MEDIUM_CONFIDENCE_DUPLICATE,916;921,"'Anchor College of Nursing Sciences, Asaba, Delta State' vs 'Delta State College of Nursing Sciences Sapele Campus Delta State.', ratio=0.76, states: Delta / Delta."
MEDIUM_CONFIDENCE_DUPLICATE,916;928,"'Anchor College of Nursing Sciences, Asaba, Delta State' vs 'Soarster College of Nursing Science, Asaba, Delta State', ratio=0.90, states: Delta / Delta."
MEDIUM_CONFIDENCE_DUPLICATE,917;918,"'Delta State College of Nursing Sciences, Agbor Campus' vs 'Delta College of Nursing Sciences Agbor Campus Delta State.', ratio=0.83, states: Delta / Delta."
MEDIUM_CONFIDENCE_DUPLICATE,917;919,"'Delta State College of Nursing Sciences, Agbor Campus' vs 'Delta State College of Nursing Sciences Asaba Campus Delta State.', ratio=0.84, states: Delta / Delta."
MEDIUM_CONFIDENCE_DUPLICATE,917;920,"'Delta State College of Nursing Sciences, Agbor Campus' vs 'Delta State College of Nursing Sciences Warri Campus Delta State.', ratio=0.84, states: Delta / Delta."
MEDIUM_CONFIDENCE_DUPLICATE,917;921,"'Delta State College of Nursing Sciences, Agbor Campus' vs 'Delta State College of Nursing Sciences Sapele Campus Delta State.', ratio=0.81, states: Delta / Delta."
POSSIBLE_MULTI_CAMPUS,917;922,"'Delta State College of Nursing Sciences, Agbor Campus' vs 'Delta State College of Nursing Sciences, Warri Campus', differs only by a campus/branch word. Confirm by hand."
POSSIBLE_MULTI_CAMPUS,917;923,"'Delta State College of Nursing Sciences, Agbor Campus' vs 'Delta State College of Nursing Sciences, Eku Campus', differs only by a campus/branch word. Confirm by hand."
POSSIBLE_MULTI_CAMPUS,917;924,"'Delta State College of Nursing Sciences, Agbor Campus' vs 'Delta State College of Nursing Sciences, Asaba Campus', differs only by a campus/branch word. Confirm by hand."
MEDIUM_CONFIDENCE_DUPLICATE,918;919,"'Delta College of Nursing Sciences Agbor Campus Delta State.' vs 'Delta State College of Nursing Sciences Asaba Campus Delta State.', ratio=0.90, states: Delta / Delta."
MEDIUM_CONFIDENCE_DUPLICATE,918;920,"'Delta College of Nursing Sciences Agbor Campus Delta State.' vs 'Delta State College of Nursing Sciences Warri Campus Delta State.', ratio=0.90, states: Delta / Delta."
MEDIUM_CONFIDENCE_DUPLICATE,918;921,"'Delta College of Nursing Sciences Agbor Campus Delta State.' vs 'Delta State College of Nursing Sciences Sapele Campus Delta State.', ratio=0.88, states: Delta / Delta."
MEDIUM_CONFIDENCE_DUPLICATE,918;922,"'Delta College of Nursing Sciences Agbor Campus Delta State.' vs 'Delta State College of Nursing Sciences, Warri Campus', ratio=0.77, states: Delta / Delta."
MEDIUM_CONFIDENCE_DUPLICATE,918;923,"'Delta College of Nursing Sciences Agbor Campus Delta State.' vs 'Delta State College of Nursing Sciences, Eku Campus', ratio=0.75, states: Delta / Delta."
MEDIUM_CONFIDENCE_DUPLICATE,918;924,"'Delta College of Nursing Sciences Agbor Campus Delta State.' vs 'Delta State College of Nursing Sciences, Asaba Campus', ratio=0.77, states: Delta / Delta."
MEDIUM_CONFIDENCE_DUPLICATE,918;928,"'Delta College of Nursing Sciences Agbor Campus Delta State.' vs 'Soarster College of Nursing Science, Asaba, Delta State', ratio=0.78, states: Delta / Delta."
POSSIBLE_MULTI_CAMPUS,919;920,"'Delta State College of Nursing Sciences Asaba Campus Delta State.' vs 'Delta State College of Nursing Sciences Warri Campus Delta State.', differs only by a campus/branch word. Confirm by hand."
POSSIBLE_MULTI_CAMPUS,919;921,"'Delta State College of Nursing Sciences Asaba Campus Delta State.' vs 'Delta State College of Nursing Sciences Sapele Campus Delta State.', differs only by a campus/branch word. Confirm by hand."
MEDIUM_CONFIDENCE_DUPLICATE,919;922,"'Delta State College of Nursing Sciences Asaba Campus Delta State.' vs 'Delta State College of Nursing Sciences, Warri Campus', ratio=0.82, states: Delta / Delta."
MEDIUM_CONFIDENCE_DUPLICATE,919;923,"'Delta State College of Nursing Sciences Asaba Campus Delta State.' vs 'Delta State College of Nursing Sciences, Eku Campus', ratio=0.82, states: Delta / Delta."
MEDIUM_CONFIDENCE_DUPLICATE,919;924,"'Delta State College of Nursing Sciences Asaba Campus Delta State.' vs 'Delta State College of Nursing Sciences, Asaba Campus', ratio=0.89, states: Delta / Delta."
MEDIUM_CONFIDENCE_DUPLICATE,919;928,"'Delta State College of Nursing Sciences Asaba Campus Delta State.' vs 'Soarster College of Nursing Science, Asaba, Delta State', ratio=0.82, states: Delta / Delta."
POSSIBLE_MULTI_CAMPUS,920;921,"'Delta State College of Nursing Sciences Warri Campus Delta State.' vs 'Delta State College of Nursing Sciences Sapele Campus Delta State.', differs only by a campus/branch word. Confirm by hand."
MEDIUM_CONFIDENCE_DUPLICATE,920;922,"'Delta State College of Nursing Sciences Warri Campus Delta State.' vs 'Delta State College of Nursing Sciences, Warri Campus', ratio=0.89, states: Delta / Delta."
MEDIUM_CONFIDENCE_DUPLICATE,920;923,"'Delta State College of Nursing Sciences Warri Campus Delta State.' vs 'Delta State College of Nursing Sciences, Eku Campus', ratio=0.82, states: Delta / Delta."
MEDIUM_CONFIDENCE_DUPLICATE,920;924,"'Delta State College of Nursing Sciences Warri Campus Delta State.' vs 'Delta State College of Nursing Sciences, Asaba Campus', ratio=0.82, states: Delta / Delta."
MEDIUM_CONFIDENCE_DUPLICATE,920;928,"'Delta State College of Nursing Sciences Warri Campus Delta State.' vs 'Soarster College of Nursing Science, Asaba, Delta State', ratio=0.77, states: Delta / Delta."
MEDIUM_CONFIDENCE_DUPLICATE,921;922,"'Delta State College of Nursing Sciences Sapele Campus Delta State.' vs 'Delta State College of Nursing Sciences, Warri Campus', ratio=0.81, states: Delta / Delta."
MEDIUM_CONFIDENCE_DUPLICATE,921;923,"'Delta State College of Nursing Sciences Sapele Campus Delta State.' vs 'Delta State College of Nursing Sciences, Eku Campus', ratio=0.83, states: Delta / Delta."
MEDIUM_CONFIDENCE_DUPLICATE,921;924,"'Delta State College of Nursing Sciences Sapele Campus Delta State.' vs 'Delta State College of Nursing Sciences, Asaba Campus', ratio=0.83, states: Delta / Delta."
MEDIUM_CONFIDENCE_DUPLICATE,921;928,"'Delta State College of Nursing Sciences Sapele Campus Delta State.' vs 'Soarster College of Nursing Science, Asaba, Delta State', ratio=0.78, states: Delta / Delta."
POSSIBLE_MULTI_CAMPUS,922;923,"'Delta State College of Nursing Sciences, Warri Campus' vs 'Delta State College of Nursing Sciences, Eku Campus', differs only by a campus/branch word. Confirm by hand."
POSSIBLE_MULTI_CAMPUS,922;924,"'Delta State College of Nursing Sciences, Warri Campus' vs 'Delta State College of Nursing Sciences, Asaba Campus', differs only by a campus/branch word. Confirm by hand."
POSSIBLE_MULTI_CAMPUS,923;924,"'Delta State College of Nursing Sciences, Eku Campus' vs 'Delta State College of Nursing Sciences, Asaba Campus', differs only by a campus/branch word. Confirm by hand."
MEDIUM_CONFIDENCE_DUPLICATE,924;928,"'Delta State College of Nursing Sciences, Asaba Campus' vs 'Soarster College of Nursing Science, Asaba, Delta State', ratio=0.76, states: Delta / Delta."
MEDIUM_CONFIDENCE_DUPLICATE,345;469,"'Federal Polytechnic, Ado Ekiti' vs 'Ajayi Polytechnic, Ara-Ekiti', ratio=0.76, states: Ekiti / Ekiti."
MEDIUM_CONFIDENCE_DUPLICATE,345;470,"'Federal Polytechnic, Ado Ekiti' vs 'Crown Polytechnic, Ado-Ekiti,', ratio=0.81, states: Ekiti / Ekiti."
MEDIUM_CONFIDENCE_DUPLICATE,345;472,"'Federal Polytechnic, Ado Ekiti' vs 'Teedek Polytechnic, Ilogbo-Ekiti', ratio=0.77, states: Ekiti / Ekiti."
MEDIUM_CONFIDENCE_DUPLICATE,345;473,"'Federal Polytechnic, Ado Ekiti' vs 'The Polytechnic, Omuo-Ekiti', ratio=0.77, states: Ekiti / Ekiti."
MEDIUM_CONFIDENCE_DUPLICATE,470;473,"'Crown Polytechnic, Ado-Ekiti,' vs 'The Polytechnic, Omuo-Ekiti', ratio=0.75, states: Ekiti / Ekiti."
MEDIUM_CONFIDENCE_DUPLICATE,472;473,"'Teedek Polytechnic, Ilogbo-Ekiti' vs 'The Polytechnic, Omuo-Ekiti', ratio=0.81, states: Ekiti / Ekiti."
MEDIUM_CONFIDENCE_DUPLICATE,703;706,"'Ekiti State College of Health Sciences andTechnology, Ijero Ekiti' vs 'Fabotas College of Health Science and Technology, Ado Ekiti', ratio=0.82, states: Ekiti / Ekiti."
MEDIUM_CONFIDENCE_DUPLICATE,703;774,"'Ekiti State College of Health Sciences andTechnology, Ijero Ekiti' vs 'Havilah College of Health Sciences and Technology Ise-Ekiti, Ekiti State', ratio=0.76, states: Ekiti / Ekiti."
MEDIUM_CONFIDENCE_DUPLICATE,706;774,"'Fabotas College of Health Science and Technology, Ado Ekiti' vs 'Havilah College of Health Sciences and Technology Ise-Ekiti, Ekiti State', ratio=0.76, states: Ekiti / Ekiti."
MEDIUM_CONFIDENCE_DUPLICATE,644;745,"'Khemsafe College of Management, Science, and Technology, Kaduna, Kaduna State' vs 'Penfield College of Health Sciences and Technology, Kaduna, Kaduna State', ratio=0.83, states: Kaduna / Kaduna."
MEDIUM_CONFIDENCE_DUPLICATE,644;792,"'Khemsafe College of Management, Science, and Technology, Kaduna, Kaduna State' vs 'Charity College of Health Science and Technology, Mando, Kaduna State', ratio=0.78, states: Kaduna / Kaduna."
MEDIUM_CONFIDENCE_DUPLICATE,745;785,"'Penfield College of Health Sciences and Technology, Kaduna, Kaduna State' vs 'Islamic Medical Foundation College of Health Science and Technology, Tudun Wada, Kaduna, Kaduna State', ratio=0.76, states: Kaduna / Kaduna."
MEDIUM_CONFIDENCE_DUPLICATE,745;786,"'Penfield College of Health Sciences and Technology, Kaduna, Kaduna State' vs 'Beijing College of Health Sciences & Technology, Kaduna', ratio=0.77, states: Kaduna / Kaduna."
MEDIUM_CONFIDENCE_DUPLICATE,745;787,"'Penfield College of Health Sciences and Technology, Kaduna, Kaduna State' vs 'ASSAM COLLEGE OF HEALTH SCIENCES AND TECHNOLOGY, KADUNA', ratio=0.79, states: Kaduna / Kaduna."
MEDIUM_CONFIDENCE_DUPLICATE,745;792,"'Penfield College of Health Sciences and Technology, Kaduna, Kaduna State' vs 'Charity College of Health Science and Technology, Mando, Kaduna State', ratio=0.85, states: Kaduna / Kaduna."
MEDIUM_CONFIDENCE_DUPLICATE,786;787,"'Beijing College of Health Sciences & Technology, Kaduna' vs 'ASSAM COLLEGE OF HEALTH SCIENCES AND TECHNOLOGY, KADUNA', ratio=0.85, states: Kaduna / Kaduna."
MEDIUM_CONFIDENCE_DUPLICATE,786;792,"'Beijing College of Health Sciences & Technology, Kaduna' vs 'Charity College of Health Science and Technology, Mando, Kaduna State', ratio=0.75, states: Kaduna / Kaduna."
MEDIUM_CONFIDENCE_DUPLICATE,787;792,"'ASSAM COLLEGE OF HEALTH SCIENCES AND TECHNOLOGY, KADUNA' vs 'Charity College of Health Science and Technology, Mando, Kaduna State', ratio=0.81, states: Kaduna / Kaduna."
HIGH_CONFIDENCE_DUPLICATE,790;978,"'Al-kausar College of Health Technology Foundation, Kaduna' vs 'Al-Kausar College of Health Technology Foundation, Kaduna', ratio=1.00, states: Kaduna / Kaduna."
MEDIUM_CONFIDENCE_DUPLICATE,972;974,"'Nigerian Airforce College of Nursing Sciences Kaduna' vs 'Nana Fatima Umar College of Nursing Sciences, Kaduna', ratio=0.81, states: Kaduna / Kaduna."
MEDIUM_CONFIDENCE_DUPLICATE,979;980,"'Kaduna State College of Nursing & Midwifery Pambegua' vs 'Kaduna State College of Nursing & Midwifery Tudun Wada', ratio=0.86, states: Kaduna / Kaduna."
MEDIUM_CONFIDENCE_DUPLICATE,979;981,"'Kaduna State College of Nursing & Midwifery Pambegua' vs 'Kaduna State College of Nursing & Midwifery Kafanchan', ratio=0.87, states: Kaduna / Kaduna."
MEDIUM_CONFIDENCE_DUPLICATE,980;981,"'Kaduna State College of Nursing & Midwifery Tudun Wada' vs 'Kaduna State College of Nursing & Midwifery Kafanchan', ratio=0.85, states: Kaduna / Kaduna."
MEDIUM_CONFIDENCE_DUPLICATE,782;784,"'Dagamas College of Health Sciences and Technology, Zaria' vs 'AL-HAROON COLLEGE OF HEALTH SCIENCES AND TECHNOLOGY, ZARIA.', ratio=0.89, states: Kaduna / Kaduna."
MEDIUM_CONFIDENCE_DUPLICATE,782;788,"'Dagamas College of Health Sciences and Technology, Zaria' vs 'AREWA AMBASSADOR INTERNATIONAL COLLEGE OF HEALTH SCIENCE AND TECHNOLOGY ZARIA', ratio=0.78, states: Kaduna / Kaduna."
MEDIUM_CONFIDENCE_DUPLICATE,782;793,"'Dagamas College of Health Sciences and Technology, Zaria' vs 'Arewa Ambassador International College of Health Science and Technology, Zaria', ratio=0.79, states: Kaduna / Kaduna."
MEDIUM_CONFIDENCE_DUPLICATE,782;976,"'Dagamas College of Health Sciences and Technology, Zaria' vs 'Al-Haroon College of Health Sciences and Technology, Zaria', ratio=0.89, states: Kaduna / Kaduna."
HIGH_CONFIDENCE_DUPLICATE,784;976,"'AL-HAROON COLLEGE OF HEALTH SCIENCES AND TECHNOLOGY, ZARIA.' vs 'Al-Haroon College of Health Sciences and Technology, Zaria', ratio=1.00, states: Kaduna / Kaduna."
POSSIBLE_MULTI_CAMPUS,788;793,"'AREWA AMBASSADOR INTERNATIONAL COLLEGE OF HEALTH SCIENCE AND TECHNOLOGY ZARIA' vs 'Arewa Ambassador International College of Health Science and Technology, Zaria', differs only by a campus/branch word. Confirm by hand."
MEDIUM_CONFIDENCE_DUPLICATE,788;976,"'AREWA AMBASSADOR INTERNATIONAL COLLEGE OF HEALTH SCIENCE AND TECHNOLOGY ZARIA' vs 'Al-Haroon College of Health Sciences and Technology, Zaria', ratio=0.77, states: Kaduna / Kaduna."
MEDIUM_CONFIDENCE_DUPLICATE,793;976,"'Arewa Ambassador International College of Health Science and Technology, Zaria' vs 'Al-Haroon College of Health Sciences and Technology, Zaria', ratio=0.78, states: Kaduna / Kaduna."
MEDIUM_CONFIDENCE_DUPLICATE,838;975,"'College of Nursing Sciences, ABUTH, Zaria' vs 'Almadina College of Nursing Sciences, Zaria', ratio=0.81, states: unknown / Kaduna."
MEDIUM_CONFIDENCE_DUPLICATE,975;977,"'Almadina College of Nursing Sciences, Zaria' vs 'Muh'd Ibn El Barau College of Nursing Science, Zaria', ratio=0.77, states: Kaduna / Kaduna."
MEDIUM_CONFIDENCE_DUPLICATE,357;487,"'Federal Polytechnic, offa' vs 'Graceland Polytechnic, offa', ratio=0.81, states: Kwara / Kwara."
MEDIUM_CONFIDENCE_DUPLICATE,357;489,"'Federal Polytechnic, offa' vs 'Lens Polytechnic, offa', ratio=0.81, states: Kwara / Kwara."
MEDIUM_CONFIDENCE_DUPLICATE,487;489,"'Graceland Polytechnic, offa' vs 'Lens Polytechnic, offa', ratio=0.82, states: Kwara / Kwara."
MEDIUM_CONFIDENCE_DUPLICATE,489;493,"'Lens Polytechnic, offa' vs 'The Polytechnic, Ojoku-Offa', ratio=0.78, states: Kwara / Kwara."
MEDIUM_CONFIDENCE_DUPLICATE,710;1024,"'Kwara State College of Health Technology, Offa' vs 'Best College of Health Technology, Offa', ratio=0.87, states: Kwara / Kwara."
MEDIUM_CONFIDENCE_DUPLICATE,358;711,"'Yaba College of Technology, Yaba' vs 'Lagos State College of Health Technology, Yaba', ratio=0.77, states: Lagos / Lagos."
MEDIUM_CONFIDENCE_DUPLICATE,403;714,"'Nasarawa State College of Agriculture, Science and Technology Lafia' vs 'Nasarawa State College of Health Science and Technology, Keffi', ratio=0.85, states: Nasarawa / Nasarawa."
MEDIUM_CONFIDENCE_DUPLICATE,714;1030,"'Nasarawa State College of Health Science and Technology, Keffi' vs 'Famsas College of Health Sciences and Technology, Keffi, Nasarawa State', ratio=0.75, states: Nasarawa / Nasarawa."
HIGH_CONFIDENCE_DUPLICATE,1029;1030,"'Famsas Collage Health Sciences and Technology, Keffi, Nasarawa State' vs 'Famsas College of Health Sciences and Technology, Keffi, Nasarawa State', ratio=0.96, states: Nasarawa / Nasarawa."
HIGH_CONFIDENCE_DUPLICATE,853;1088,"'Shehu Sule College of Nursing & Midwifery, Damaturu, Yobe State' vs 'Shehu Sule College of Nursing and Midwifery, Damaturu, Yobe State', ratio=0.97, states: Yobe / Yobe."
MEDIUM_CONFIDENCE_DUPLICATE,1091;1093,"'Umar Bin Kaddabi College of Nursing Sciences, Kaura Namoda Zamfara State' vs 'Ba'illa College of Nursing Sciences, Kaura Namoda', ratio=0.75, states: Zamfara / Zamfara."
MEDIUM_CONFIDENCE_DUPLICATE,815;1036,"'Newgate College of Health Technology, Minna, Niger State' vs 'Delight College of Health Sciences and Technology Minna, Niger State', ratio=0.82, states: Niger / Niger."
MEDIUM_CONFIDENCE_DUPLICATE,1035;1042,"'Standard College of Nursing Sciences, Minna, Niger State.' vs 'Degalaxy College of Nursing Sciences, Minna, Niger State', ratio=0.89, states: Niger / Niger."
MEDIUM_CONFIDENCE_DUPLICATE,1036;1037,"'Delight College of Health Sciences and Technology Minna, Niger State' vs 'Crown College of Health Sciences and Technology, Minna', ratio=0.79, states: Niger / Niger."
MEDIUM_CONFIDENCE_DUPLICATE,687;755,"'Abia State College of Health Technology, Aba' vs 'Abia State College of Health Science and Management Technology, Aba', ratio=0.79, states: Abia / Abia."
MEDIUM_CONFIDENCE_DUPLICATE,878;883,"'Janet Frank College of Nursing Sciences, Aba, Abia State' vs 'Abia State College of Nursing Sciences, Aba Campus, Abia State', ratio=0.80, states: Abia / Abia."
HIGH_CONFIDENCE_DUPLICATE,987;988,"'Emirates Collage of Nursing Sciences, Tudun Yola, Kabuga Satellite Town, Kano, Kano State' vs 'Emirates College of Nursing Sciences, Tudun Yola, Kabuga Satellite Town, Kano, Kano State', ratio=0.99, states: Kano / Kano."
MEDIUM_CONFIDENCE_DUPLICATE,447;448,"'El-Thomp Polytechnic, Abak. Akwa-Ibom State' vs 'Gestric Polytechnic, Uyo, Akwa Ibom State', ratio=0.77, states: Akwa Ibom / Akwa Ibom."
MEDIUM_CONFIDENCE_DUPLICATE,436;437,"'Brainfill Polytechnic, Ikot-Ekpene' vs 'Foundation Polytechnic, Ikot Ekpene', ratio=0.81, states: Akwa Ibom / Akwa Ibom."
MEDIUM_CONFIDENCE_DUPLICATE,437;443,"'Foundation Polytechnic, Ikot Ekpene' vs 'Sure Foundation Polytechnic, Ikot-Akai', ratio=0.82, states: Akwa Ibom / Akwa Ibom."
MEDIUM_CONFIDENCE_DUPLICATE,863;892,"'College of Nursing Sciences, Alor Anambra State' vs 'College of Nursing Sciences, Diocesan Hospital, Amichi, Anambra state.', ratio=0.78, states: Anambra / Anambra."
MEDIUM_CONFIDENCE_DUPLICATE,863;893,"'College of Nursing Sciences, Alor Anambra State' vs 'Apex College of Nursing Sciences, Ugbo-Ukwu Agunta Anambra State', ratio=0.79, states: Anambra / Anambra."
MEDIUM_CONFIDENCE_DUPLICATE,863;894,"'College of Nursing Sciences, Alor Anambra State' vs 'Millennium College of Nursing Sciences, Awka Anambra State', ratio=0.84, states: Anambra / Anambra."
MEDIUM_CONFIDENCE_DUPLICATE,891;892,"'College of Nursing Sciences, ST. Charles Borromeo Specialist Hospital, Onitsha, Anambra State.' vs 'College of Nursing Sciences, Diocesan Hospital, Amichi, Anambra state.', ratio=0.76, states: Anambra / Anambra."
MEDIUM_CONFIDENCE_DUPLICATE,893;894,"'Apex College of Nursing Sciences, Ugbo-Ukwu Agunta Anambra State' vs 'Millennium College of Nursing Sciences, Awka Anambra State', ratio=0.77, states: Anambra / Anambra."
MEDIUM_CONFIDENCE_DUPLICATE,617;618,"'International Institute of Tourism, Yenagoa, Bayelsa State' vs 'International Institute of Tourism and Hospitality Yenagoa, Bayelsa State', ratio=0.87, states: Bayelsa / Bayelsa."
MEDIUM_CONFIDENCE_DUPLICATE,694;760,"'Bayelsa State College of Health Technology, Otuogidi' vs 'Bayelsa state college of Health Technology, Otuogidi-Ogbia, Bayelsa state', ratio=0.83, states: Bayelsa / Bayelsa."
MEDIUM_CONFIDENCE_DUPLICATE,457;576,"'Intercontinental College of Technology, Makurdi, Benue State' vs 'Commonwealth College of Technology, Gboko, Benue State', ratio=0.77, states: Benue / Benue."
MEDIUM_CONFIDENCE_DUPLICATE,576;608,"'Commonwealth College of Technology, Gboko, Benue State' vs 'International College of Technology, Makurdi, Benue State', ratio=0.76, states: Benue / Benue."
HIGH_CONFIDENCE_DUPLICATE,761;762,"'Asoka College of Health Science and Technology, Otukpo, Benue state' vs 'Adoka College of Health Science and Technology, Otukpo, Benue State', ratio=0.99, states: Benue / Benue."
MEDIUM_CONFIDENCE_DUPLICATE,765;766,"'Mbagen College of Health Technology, Benue State' vs 'College of Health Technology Aliade, Benue State', ratio=0.85, states: Benue / Benue."
MEDIUM_CONFIDENCE_DUPLICATE,942;947,"'ENUGU STATE COLLEGE OF NURSING SCIENCES ENUGU, PARK LANE' vs 'Enugu State College of Nursing Sciences, Awgu', ratio=0.83, states: Enugu / Enugu."
MEDIUM_CONFIDENCE_DUPLICATE,943;946,"'Peaceland College of Nursing Sciences, Enugu, Enugu State' vs 'La Vera College of Nursing Sciences, Nsukka, Enugu State', ratio=0.83, states: Enugu / Enugu."
MEDIUM_CONFIDENCE_DUPLICATE,954;955,"'Jewel College of Nursing Sciences, Gombe, Gombe State' vs 'Adamu Fura College of Nursing Sciences, Gombe, Gombe State', ratio=0.86, states: Gombe / Gombe."
MEDIUM_CONFIDENCE_DUPLICATE,954;956,"'Jewel College of Nursing Sciences, Gombe, Gombe State' vs 'Jewel College of Nursing Sciences, Gombe', ratio=0.86, states: Gombe / Gombe."
MEDIUM_CONFIDENCE_DUPLICATE,780;965,"'Maryam Khuddam College of Health Sciences and Technology, Kazaure, Jigawa State' vs 'G-City College of Health Sciences and Technology, Gwaram, Jigawa State', ratio=0.82, states: Jigawa / Jigawa."
MEDIUM_CONFIDENCE_DUPLICATE,865;971,"'Iqra College of Nursing Sciences Dutse, Jigawa State' vs 'Belba College of Nursing Sciences Jigawa State', ratio=0.86, states: Jigawa / Jigawa."
MEDIUM_CONFIDENCE_DUPLICATE,968;969,"'Jigawa State College of Nursing Sciences, Babura' vs 'Jigawa State College of Nursing Sciences, Birnin Kudu', ratio=0.87, states: Jigawa / Jigawa."
MEDIUM_CONFIDENCE_DUPLICATE,968;970,"'Jigawa State College of Nursing Sciences, Babura' vs 'Jigawa State College of Nursing Sciences, Hadejia', ratio=0.91, states: Jigawa / Jigawa."
MEDIUM_CONFIDENCE_DUPLICATE,969;970,"'Jigawa State College of Nursing Sciences, Birnin Kudu' vs 'Jigawa State College of Nursing Sciences, Hadejia', ratio=0.84, states: Jigawa / Jigawa."
MEDIUM_CONFIDENCE_DUPLICATE,690;708,"'Aminu Dabo College of Health Sciences and Technology, Kano' vs 'Kano State College of Health Sciences and Technology, B.U.K Road', ratio=0.83, states: Kano / Kano."
MEDIUM_CONFIDENCE_DUPLICATE,690;709,"'Aminu Dabo College of Health Sciences and Technology, Kano' vs 'Kano State College of Health Sciences and Technology, Sani Marshall Rd.', ratio=0.78, states: Kano / Kano."
MEDIUM_CONFIDENCE_DUPLICATE,690;997,"'Aminu Dabo College of Health Sciences and Technology, Kano' vs 'Jameel Chiroma College of Health Science and Technology, Kano', ratio=0.86, states: Kano / Kano."
MEDIUM_CONFIDENCE_DUPLICATE,690;998,"'Aminu Dabo College of Health Sciences and Technology, Kano' vs 'Tropical College of Health Sciences & Tech, Kano', ratio=0.75, states: Kano / Kano."
MEDIUM_CONFIDENCE_DUPLICATE,708;709,"'Kano State College of Health Sciences and Technology, B.U.K Road' vs 'Kano State College of Health Sciences and Technology, Sani Marshall Rd.', ratio=0.86, states: Kano / Kano."
MEDIUM_CONFIDENCE_DUPLICATE,708;997,"'Kano State College of Health Sciences and Technology, B.U.K Road' vs 'Jameel Chiroma College of Health Science and Technology, Kano', ratio=0.78, states: Kano / Kano."
MEDIUM_CONFIDENCE_DUPLICATE,723;748,"'School of Health Information Management, AKTH, Kano' vs 'School of Health Information Management, Aminu Kano Teaching Hospital, Kano', ratio=0.81, states: Kano / Kano."
MEDIUM_CONFIDENCE_DUPLICATE,748;796,"'School of Health Information Management, Aminu Kano Teaching Hospital, Kano' vs 'SCHOOL OF PARAMEDICS AMINU KANO TEACHING HOSPITAL KANO', ratio=0.76, states: Kano / Kano."
MEDIUM_CONFIDENCE_DUPLICATE,795;985,"'Flagship College of Nursing Science, Bichi Kano.' vs 'Flagship Collage of Nursing Sciences, Bichi, Kano State', ratio=0.90, states: Kano / Kano."
HIGH_CONFIDENCE_DUPLICATE,795;990,"'Flagship College of Nursing Science, Bichi Kano.' vs 'Flagship College of Nursing Sciences, Bichi, Kano State', ratio=0.92, states: Kano / Kano."
MEDIUM_CONFIDENCE_DUPLICATE,795;1001,"'Flagship College of Nursing Science, Bichi Kano.' vs 'IMAN COLLEGE OF NURSING SCIENCES, KANO', ratio=0.80, states: Kano / Kano."
MEDIUM_CONFIDENCE_DUPLICATE,869;870,"'Kano State College of Nursing Sciences Madobi' vs 'Kano State College of Nursing Sciences Dambatta', ratio=0.89, states: Kano / Kano."
MEDIUM_CONFIDENCE_DUPLICATE,869;871,"'Kano State College of Nursing Sciences Madobi' vs 'Kano State College of Nursing Scinnces Gwarzo', ratio=0.89, states: Kano / Kano."
MEDIUM_CONFIDENCE_DUPLICATE,869;1001,"'Kano State College of Nursing Sciences Madobi' vs 'IMAN COLLEGE OF NURSING SCIENCES, KANO', ratio=0.80, states: Kano / Kano."
MEDIUM_CONFIDENCE_DUPLICATE,870;871,"'Kano State College of Nursing Sciences Dambatta' vs 'Kano State College of Nursing Scinnces Gwarzo', ratio=0.85, states: Kano / Kano."
MEDIUM_CONFIDENCE_DUPLICATE,870;1001,"'Kano State College of Nursing Sciences Dambatta' vs 'IMAN COLLEGE OF NURSING SCIENCES, KANO', ratio=0.75, states: Kano / Kano."
MEDIUM_CONFIDENCE_DUPLICATE,871;1001,"'Kano State College of Nursing Scinnces Gwarzo' vs 'IMAN COLLEGE OF NURSING SCIENCES, KANO', ratio=0.77, states: Kano / Kano."
HIGH_CONFIDENCE_DUPLICATE,985;990,"'Flagship Collage of Nursing Sciences, Bichi, Kano State' vs 'Flagship College of Nursing Sciences, Bichi, Kano State', ratio=0.98, states: Kano / Kano."
MEDIUM_CONFIDENCE_DUPLICATE,985;993,"'Flagship Collage of Nursing Sciences, Bichi, Kano State' vs 'Hamdala College of Nursing Sciences Kano, Kano State', ratio=0.79, states: Kano / Kano."
MEDIUM_CONFIDENCE_DUPLICATE,985;1002,"'Flagship Collage of Nursing Sciences, Bichi, Kano State' vs 'Nafisatu College of Nursing Sciences, Kwankwaso, Kano State.', ratio=0.75, states: Kano / Kano."
HIGH_CONFIDENCE_DUPLICATE,986;989,"'Alhassan Ibrahim Dawanau Collage of Health Sciences and Technology, Hotoro, Kano, Kano State' vs 'Alhassan Ibrahim Dawanau College of Health Sciences and Technology, Hotoro, Kano, Kano State', ratio=0.99, states: Kano / Kano."
HIGH_CONFIDENCE_DUPLICATE,986;991,"'Alhassan Ibrahim Dawanau Collage of Health Sciences and Technology, Hotoro, Kano, Kano State' vs 'Alhassan Ibrahim Dawanau Collage of Health Sciences and Technology, Hotoro, Kano,', ratio=0.94, states: Kano / Kano."
MEDIUM_CONFIDENCE_DUPLICATE,986;994,"'Alhassan Ibrahim Dawanau Collage of Health Sciences and Technology, Hotoro, Kano, Kano State' vs 'Jamilu Ibrahim Imperial College of Health Sciences Technology, Kano, Kano State', ratio=0.78, states: Kano / Kano."
HIGH_CONFIDENCE_DUPLICATE,989;991,"'Alhassan Ibrahim Dawanau College of Health Sciences and Technology, Hotoro, Kano, Kano State' vs 'Alhassan Ibrahim Dawanau Collage of Health Sciences and Technology, Hotoro, Kano,', ratio=0.92, states: Kano / Kano."
MEDIUM_CONFIDENCE_DUPLICATE,989;994,"'Alhassan Ibrahim Dawanau College of Health Sciences and Technology, Hotoro, Kano, Kano State' vs 'Jamilu Ibrahim Imperial College of Health Sciences Technology, Kano, Kano State', ratio=0.80, states: Kano / Kano."
MEDIUM_CONFIDENCE_DUPLICATE,990;993,"'Flagship College of Nursing Sciences, Bichi, Kano State' vs 'Hamdala College of Nursing Sciences Kano, Kano State', ratio=0.80, states: Kano / Kano."
MEDIUM_CONFIDENCE_DUPLICATE,990;1001,"'Flagship College of Nursing Sciences, Bichi, Kano State' vs 'IMAN COLLEGE OF NURSING SCIENCES, KANO', ratio=0.75, states: Kano / Kano."
MEDIUM_CONFIDENCE_DUPLICATE,990;1002,"'Flagship College of Nursing Sciences, Bichi, Kano State' vs 'Nafisatu College of Nursing Sciences, Kwankwaso, Kano State.', ratio=0.77, states: Kano / Kano."
MEDIUM_CONFIDENCE_DUPLICATE,992;1000,"'Sudawa College of Nursing and Midwifery, Danbare, Kano State' vs 'Kano State College of Nursing and Midwifery, Kano', ratio=0.75, states: Kano / Kano."
MEDIUM_CONFIDENCE_DUPLICATE,993;1001,"'Hamdala College of Nursing Sciences Kano, Kano State' vs 'IMAN COLLEGE OF NURSING SCIENCES, KANO', ratio=0.78, states: Kano / Kano."
MEDIUM_CONFIDENCE_DUPLICATE,993;1002,"'Hamdala College of Nursing Sciences Kano, Kano State' vs 'Nafisatu College of Nursing Sciences, Kwankwaso, Kano State.', ratio=0.85, states: Kano / Kano."
MEDIUM_CONFIDENCE_DUPLICATE,797;799,"'Katsina State College of Health Science & Technology, Kankia' vs 'Cherish College of Health Sciences and Technology, Katsina', ratio=0.76, states: Katsina / Katsina."
MEDIUM_CONFIDENCE_DUPLICATE,797;801,"'Katsina State College of Health Science & Technology, Kankia' vs 'KATSINA STATE COLLEGE HEALTH SCIENCES and TECHNOLOGY, DAURA', ratio=0.87, states: Katsina / Katsina."
MEDIUM_CONFIDENCE_DUPLICATE,797;802,"'Katsina State College of Health Science & Technology, Kankia' vs 'KUDAMS COLLEGE OF HEALTH SCIENCES AND TECHNOLOGY KATSINA', ratio=0.79, states: Katsina / Katsina."
MEDIUM_CONFIDENCE_DUPLICATE,797;803,"'Katsina State College of Health Science & Technology, Kankia' vs 'Cognate Community College of Health Science and Technology, Katsina', ratio=0.75, states: Katsina / Katsina."
MEDIUM_CONFIDENCE_DUPLICATE,797;1011,"'Katsina State College of Health Science & Technology, Kankia' vs 'Khuddam College of Health Science and Technology, Katsina', ratio=0.78, states: Katsina / Katsina."
MEDIUM_CONFIDENCE_DUPLICATE,799;800,"'Cherish College of Health Sciences and Technology, Katsina' vs 'Kebram College of Health Science and Technology, Katsina, Katsina State', ratio=0.81, states: Katsina / Katsina."
MEDIUM_CONFIDENCE_DUPLICATE,799;801,"'Cherish College of Health Sciences and Technology, Katsina' vs 'KATSINA STATE COLLEGE HEALTH SCIENCES and TECHNOLOGY, DAURA', ratio=0.75, states: Katsina / Katsina."
MEDIUM_CONFIDENCE_DUPLICATE,799;802,"'Cherish College of Health Sciences and Technology, Katsina' vs 'KUDAMS COLLEGE OF HEALTH SCIENCES AND TECHNOLOGY KATSINA', ratio=0.89, states: Katsina / Katsina."
MEDIUM_CONFIDENCE_DUPLICATE,799;803,"'Cherish College of Health Sciences and Technology, Katsina' vs 'Cognate Community College of Health Science and Technology, Katsina', ratio=0.85, states: Katsina / Katsina."
MEDIUM_CONFIDENCE_DUPLICATE,799;1011,"'Cherish College of Health Sciences and Technology, Katsina' vs 'Khuddam College of Health Science and Technology, Katsina', ratio=0.89, states: Katsina / Katsina."
MEDIUM_CONFIDENCE_DUPLICATE,800;802,"'Kebram College of Health Science and Technology, Katsina, Katsina State' vs 'KUDAMS COLLEGE OF HEALTH SCIENCES AND TECHNOLOGY KATSINA', ratio=0.82, states: Katsina / Katsina."
MEDIUM_CONFIDENCE_DUPLICATE,800;803,"'Kebram College of Health Science and Technology, Katsina, Katsina State' vs 'Cognate Community College of Health Science and Technology, Katsina', ratio=0.75, states: Katsina / Katsina."
MEDIUM_CONFIDENCE_DUPLICATE,800;1011,"'Kebram College of Health Science and Technology, Katsina, Katsina State' vs 'Khuddam College of Health Science and Technology, Katsina', ratio=0.83, states: Katsina / Katsina."
MEDIUM_CONFIDENCE_DUPLICATE,801;802,"'KATSINA STATE COLLEGE HEALTH SCIENCES and TECHNOLOGY, DAURA' vs 'KUDAMS COLLEGE OF HEALTH SCIENCES AND TECHNOLOGY KATSINA', ratio=0.78, states: Katsina / Katsina."
MEDIUM_CONFIDENCE_DUPLICATE,801;1011,"'KATSINA STATE COLLEGE HEALTH SCIENCES and TECHNOLOGY, DAURA' vs 'Khuddam College of Health Science and Technology, Katsina', ratio=0.76, states: Katsina / Katsina."
MEDIUM_CONFIDENCE_DUPLICATE,802;803,"'KUDAMS COLLEGE OF HEALTH SCIENCES AND TECHNOLOGY KATSINA' vs 'Cognate Community College of Health Science and Technology, Katsina', ratio=0.81, states: Katsina / Katsina."
HIGH_CONFIDENCE_DUPLICATE,802;1011,"'KUDAMS COLLEGE OF HEALTH SCIENCES AND TECHNOLOGY KATSINA' vs 'Khuddam College of Health Science and Technology, Katsina', ratio=0.96, states: Katsina / Katsina."
MEDIUM_CONFIDENCE_DUPLICATE,803;1011,"'Cognate Community College of Health Science and Technology, Katsina' vs 'Khuddam College of Health Science and Technology, Katsina', ratio=0.84, states: Katsina / Katsina."
MEDIUM_CONFIDENCE_DUPLICATE,1005;1007,"'ESSEMM College of Nursing Sciences, Katsina, Katsina State' vs 'North West College of Nursing Sciences, Katsina, Katsina State', ratio=0.90, states: Katsina / Katsina."
MEDIUM_CONFIDENCE_DUPLICATE,1005;1008,"'ESSEMM College of Nursing Sciences, Katsina, Katsina State' vs 'Bawo College of Nursing Sciences, Daura, Katsina State', ratio=0.84, states: Katsina / Katsina."
MEDIUM_CONFIDENCE_DUPLICATE,1005;1010,"'ESSEMM College of Nursing Sciences, Katsina, Katsina State' vs 'Nexus College of Nursing Sciences, Katsina', ratio=0.78, states: Katsina / Katsina."
MEDIUM_CONFIDENCE_DUPLICATE,1007;1008,"'North West College of Nursing Sciences, Katsina, Katsina State' vs 'Bawo College of Nursing Sciences, Daura, Katsina State', ratio=0.83, states: Katsina / Katsina."
MEDIUM_CONFIDENCE_DUPLICATE,1007;1010,"'North West College of Nursing Sciences, Katsina, Katsina State' vs 'Nexus College of Nursing Sciences, Katsina', ratio=0.77, states: Katsina / Katsina."
MEDIUM_CONFIDENCE_DUPLICATE,1008;1010,"'Bawo College of Nursing Sciences, Daura, Katsina State' vs 'Nexus College of Nursing Sciences, Katsina', ratio=0.77, states: Katsina / Katsina."
MEDIUM_CONFIDENCE_DUPLICATE,866;1014,"'Nana College of Nursing Sciences, Otakuhi Okpo, Anyigba, Kogi State' vs 'U.E.C College of Nursing Sciences, Ochadamu, Kogi State', ratio=0.75, states: Kogi / Kogi."
MEDIUM_CONFIDENCE_DUPLICATE,866;1015,"'Nana College of Nursing Sciences, Otakuhi Okpo, Anyigba, Kogi State' vs 'U.E.C College of Nursing Sciences, Ochadamu, Kogi State', ratio=0.75, states: Kogi / Kogi."
MEDIUM_CONFIDENCE_DUPLICATE,866;1017,"'Nana College of Nursing Sciences, Otakuhi Okpo, Anyigba, Kogi State' vs 'ECWA College of Nursing Sciences, Egbe, Kogi State', ratio=0.77, states: Kogi / Kogi."
HIGH_CONFIDENCE_DUPLICATE,1014;1015,"'U.E.C College of Nursing Sciences, Ochadamu, Kogi State' vs 'U.E.C College of Nursing Sciences, Ochadamu, Kogi State', ratio=1.00, states: Kogi / Kogi."
MEDIUM_CONFIDENCE_DUPLICATE,1014;1017,"'U.E.C College of Nursing Sciences, Ochadamu, Kogi State' vs 'ECWA College of Nursing Sciences, Egbe, Kogi State', ratio=0.85, states: Kogi / Kogi."
MEDIUM_CONFIDENCE_DUPLICATE,1015;1017,"'U.E.C College of Nursing Sciences, Ochadamu, Kogi State' vs 'ECWA College of Nursing Sciences, Egbe, Kogi State', ratio=0.85, states: Kogi / Kogi."
MEDIUM_CONFIDENCE_DUPLICATE,750;810,"'Nigerian Navy College of Health Technology, Offa, Kwara State' vs 'Osi College of Health and Technology Osi, Kwara State.', ratio=0.79, states: Kwara / Kwara."
MEDIUM_CONFIDENCE_DUPLICATE,809;810,"'Yusjib College of Health Sciences and Technology, Ilorin, Kwara' vs 'Osi College of Health and Technology Osi, Kwara State.', ratio=0.76, states: Kwara / Kwara."
MEDIUM_CONFIDENCE_DUPLICATE,809;1021,"'Yusjib College of Health Sciences and Technology, Ilorin, Kwara' vs 'Adeshina College of Health Sciences and Technology, Share, Kwara State', ratio=0.81, states: Kwara / Kwara."
MEDIUM_CONFIDENCE_DUPLICATE,809;1023,"'Yusjib College of Health Sciences and Technology, Ilorin, Kwara' vs 'Grandplus College of Health Sciences and Technology, Ilorin, Kwara State', ratio=0.87, states: Kwara / Kwara."
MEDIUM_CONFIDENCE_DUPLICATE,810;1021,"'Osi College of Health and Technology Osi, Kwara State.' vs 'Adeshina College of Health Sciences and Technology, Share, Kwara State', ratio=0.81, states: Kwara / Kwara."
MEDIUM_CONFIDENCE_DUPLICATE,810;1023,"'Osi College of Health and Technology Osi, Kwara State.' vs 'Grandplus College of Health Sciences and Technology, Ilorin, Kwara State', ratio=0.80, states: Kwara / Kwara."
MEDIUM_CONFIDENCE_DUPLICATE,856;1026,"'Kwara State College of Nursing Sciences Ilorin' vs 'Kwara State College of Nursing Sciences, Oke-Ode', ratio=0.87, states: Kwara / Kwara."
MEDIUM_CONFIDENCE_DUPLICATE,1021;1023,"'Adeshina College of Health Sciences and Technology, Share, Kwara State' vs 'Grandplus College of Health Sciences and Technology, Ilorin, Kwara State', ratio=0.86, states: Kwara / Kwara."
MEDIUM_CONFIDENCE_DUPLICATE,400;488,"'Kwara State Polytechnic, Ilorin' vs 'Harvard Polytechnic, Ilorin', ratio=0.79, states: Kwara / Kwara."
MEDIUM_CONFIDENCE_DUPLICATE,400;490,"'Kwara State Polytechnic, Ilorin' vs 'Newland Polytechnic, Ilorin', ratio=0.76, states: Kwara / Kwara."
MEDIUM_CONFIDENCE_DUPLICATE,488;490,"'Harvard Polytechnic, Ilorin' vs 'Newland Polytechnic, Ilorin', ratio=0.81, states: Kwara / Kwara."
MEDIUM_CONFIDENCE_DUPLICATE,401;499,"'Lagos State Polytechnic, Ikorodu' vs 'Lagos City Polytechnic, Ikeja', ratio=0.75, states: Lagos / Lagos."
MEDIUM_CONFIDENCE_DUPLICATE,497;502,"'Inspire Polytechnic, Lagos' vs 'Timeon Kairos Polytechnic, Lagos', ratio=0.79, states: Lagos / Lagos."
MEDIUM_CONFIDENCE_DUPLICATE,403;404,"'Nasarawa State College of Agriculture, Science and Technology Lafia' vs 'College of Agriculture, Science and Technology, Lafia', ratio=0.87, states: Nasarawa / Nasarawa."
MEDIUM_CONFIDENCE_DUPLICATE,815;820,"'Newgate College of Health Technology, Minna, Niger State' vs 'School of Health Technology Suleja, Niger State', ratio=0.76, states: Niger / Niger."
MEDIUM_CONFIDENCE_DUPLICATE,819;1036,"'Alheri College of Health Science and Technology, Salka, Niger' vs 'Delight College of Health Sciences and Technology Minna, Niger State', ratio=0.81, states: Niger / Niger."
MEDIUM_CONFIDENCE_DUPLICATE,1034;1035,"'Dako College of Nursing Sciences, Suleja, Niger State' vs 'Standard College of Nursing Sciences, Minna, Niger State.', ratio=0.84, states: Niger / Niger."
MEDIUM_CONFIDENCE_DUPLICATE,1034;1042,"'Dako College of Nursing Sciences, Suleja, Niger State' vs 'Degalaxy College of Nursing Sciences, Minna, Niger State', ratio=0.84, states: Niger / Niger."
HIGH_CONFIDENCE_DUPLICATE,1038;1040,"'Niger State College of Nursing Sciences' vs 'Niger State College of Nursing Sciences, Bida', ratio=0.93, states: Niger / Niger."
MEDIUM_CONFIDENCE_DUPLICATE,1038;1041,"'Niger State College of Nursing Sciences' vs 'Niger State College of Nursing Sciences, Kontagora', ratio=0.88, states: Niger / Niger."
MEDIUM_CONFIDENCE_DUPLICATE,1040;1041,"'Niger State College of Nursing Sciences, Bida' vs 'Niger State College of Nursing Sciences, Kontagora', ratio=0.88, states: Niger / Niger."
HIGH_CONFIDENCE_DUPLICATE,513;514,"'First City Polytechnic, Abeokuta, Ogun State' vs 'First City Polytechnic, Abeokuta, Ogun State', ratio=1.00, states: Ogun / Ogun."
HIGH_CONFIDENCE_DUPLICATE,717;823,"'Ogun State Polytechnic of Health and Allied Sciences, Ilese-Ijebu' vs 'Ogun Polytechnic of Health and Allied Sciences, Ilese Ijebu', ratio=0.95, states: Ogun / Ogun."
MEDIUM_CONFIDENCE_DUPLICATE,1044;1045,"'Ogun State College of Nursing Sciences, Ijebu-Ode Campus' vs 'Ogun State College of Nursing Sciences, Ilaro Campus', ratio=0.91, states: Ogun / Ogun."
MEDIUM_CONFIDENCE_DUPLICATE,1044;1046,"'Ogun State College of Nursing Sciences, Ijebu-Ode Campus' vs 'Ogun State College of Nursing Sciences, Main Campus, Idi-Aba Abeokuta', ratio=0.77, states: Ogun / Ogun."
MEDIUM_CONFIDENCE_DUPLICATE,1045;1046,"'Ogun State College of Nursing Sciences, Ilaro Campus' vs 'Ogun State College of Nursing Sciences, Main Campus, Idi-Aba Abeokuta', ratio=0.79, states: Ogun / Ogun."
MEDIUM_CONFIDENCE_DUPLICATE,413;720,"'Osun State College of Technology, Esa ? Oke,' vs 'Osun State College of Health Technology, Ilesa', ratio=0.84, states: Osun / Osun."
MEDIUM_CONFIDENCE_DUPLICATE,826;829,"'COLLEGE OF HEALTH TECHNOLOGY EJIGBO,OSUN STATE' vs 'PATHFINDER COLLEGE OF HEALTH TECHNOLOGY IRAGBIJI, OSUN STATE', ratio=0.79, states: Osun / Osun."
MEDIUM_CONFIDENCE_DUPLICATE,826;830,"'COLLEGE OF HEALTH TECHNOLOGY EJIGBO,OSUN STATE' vs 'Hamzainab College of Health Technology Osogbo, Osun State', ratio=0.83, states: Osun / Osun."
MEDIUM_CONFIDENCE_DUPLICATE,826;1059,"'COLLEGE OF HEALTH TECHNOLOGY EJIGBO,OSUN STATE' vs 'Adonis American College of Health Technology, Osun State', ratio=0.76, states: Osun / Osun."
MEDIUM_CONFIDENCE_DUPLICATE,829;830,"'PATHFINDER COLLEGE OF HEALTH TECHNOLOGY IRAGBIJI, OSUN STATE' vs 'Hamzainab College of Health Technology Osogbo, Osun State', ratio=0.80, states: Osun / Osun."
MEDIUM_CONFIDENCE_DUPLICATE,829;1059,"'PATHFINDER COLLEGE OF HEALTH TECHNOLOGY IRAGBIJI, OSUN STATE' vs 'Adonis American College of Health Technology, Osun State', ratio=0.78, states: Osun / Osun."
MEDIUM_CONFIDENCE_DUPLICATE,830;1059,"'Hamzainab College of Health Technology Osogbo, Osun State' vs 'Adonis American College of Health Technology, Osun State', ratio=0.80, states: Osun / Osun."
MEDIUM_CONFIDENCE_DUPLICATE,1054;1056,"'SEVENTH-DAY ADVENTIST COLLEGE OF NURSING ILE-IFE OSUN STATE' vs 'Seventh-Day Adventist College of Health Sciences and Technology Ile-Ife, Osun State', ratio=0.79, states: Osun / Osun."
MEDIUM_CONFIDENCE_DUPLICATE,1055;1056,"'Ikirun College of Health Sciences and Technology, Ikirun, Osun State' vs 'Seventh-Day Adventist College of Health Sciences and Technology Ile-Ife, Osun State', ratio=0.77, states: Osun / Osun."
MEDIUM_CONFIDENCE_DUPLICATE,1055;1060,"'Ikirun College of Health Sciences and Technology, Ikirun, Osun State' vs 'Dee Perfect Class College of Health Sciences and Technology, Ifon, Osun State', ratio=0.81, states: Osun / Osun."
MEDIUM_CONFIDENCE_DUPLICATE,1057;1058,"'Premier College of Nursing Sciences and Midwifery, Ejigbo, Osun State' vs 'Mercy College of Nursing Sciences, Iwara, Osun State', ratio=0.76, states: Osun / Osun."
MEDIUM_CONFIDENCE_DUPLICATE,1058;1061,"'Mercy College of Nursing Sciences, Iwara, Osun State' vs 'Skyward College of Nursing Sciences, Iwo , Osun State', ratio=0.86, states: Osun / Osun."
MEDIUM_CONFIDENCE_DUPLICATE,419;527,"'The Polytechnic, Ibadan' vs 'Bolmor Polytechnic, Ibadan', ratio=0.82, states: Oyo / Oyo."
MEDIUM_CONFIDENCE_DUPLICATE,419;528,"'The Polytechnic, Ibadan' vs 'Ibadan City Polytechnic, Ibadan', ratio=0.78, states: Oyo / Oyo."
MEDIUM_CONFIDENCE_DUPLICATE,419;531,"'The Polytechnic, Ibadan' vs 'Tower Polytechnic, Ibadan', ratio=0.92, states: Oyo / Oyo."
MEDIUM_CONFIDENCE_DUPLICATE,527;531,"'Bolmor Polytechnic, Ibadan' vs 'Tower Polytechnic, Ibadan', ratio=0.86, states: Oyo / Oyo."
MEDIUM_CONFIDENCE_DUPLICATE,528;531,"'Ibadan City Polytechnic, Ibadan' vs 'Tower Polytechnic, Ibadan', ratio=0.75, states: Oyo / Oyo."
MEDIUM_CONFIDENCE_DUPLICATE,719;846,"'Oyo State College of Health Sciences and Technology, Eleyele, Ibadan' vs 'Oyo State College of Nursing and Midwifery, Eleyele, Ibadan', ratio=0.76, states: Oyo / Oyo."
MEDIUM_CONFIDENCE_DUPLICATE,1067;1070,"'CAI College of Nursing Sciences, Ibadan, Oyo State' vs 'CAI College of Nursing Sciences, Ibadan', ratio=0.88, states: Oyo / Oyo."
MEDIUM_CONFIDENCE_DUPLICATE,1062;1063,"'COLLEGE OF NURSING SCIENCES , BAPTIST MEDICAL CENTRE, SAKI' vs 'COLLEGE OF NURSING SCIENCES, MUSLIM MEDICAL FOUNDATION, SAKI', ratio=0.80, states: Oyo / Oyo."
MEDIUM_CONFIDENCE_DUPLICATE,1063;1071,"'COLLEGE OF NURSING SCIENCES, MUSLIM MEDICAL FOUNDATION, SAKI' vs 'College of Nursing Sciences Muslim Medical Foundation Saki, Oyo State', ratio=0.90, states: Oyo / Oyo."
HIGH_CONFIDENCE_DUPLICATE,1073;1074,"'Plateau State College of Health Technology, Pankshin' vs 'Plateau State College of Health Technology, Pankshin', ratio=1.00, states: Plateau / Plateau."
MEDIUM_CONFIDENCE_DUPLICATE,422;535,"'Port-Harcourt Polytechnic, Port-Harcourt' vs 'Eastern Polytechnic, Port Harcourt', ratio=0.76, states: Rivers / Rivers."
MEDIUM_CONFIDENCE_DUPLICATE,868;1081,"'College of Nursing Sciences, Tambuwal, Sokoto State' vs 'Fatima College of Nursing Sciences, Bodinga, Sokoto State', ratio=0.81, states: Sokoto / Sokoto."
MEDIUM_CONFIDENCE_DUPLICATE,868;1082,"'College of Nursing Sciences, Tambuwal, Sokoto State' vs 'Fatima College of Nursing Sciences, Bodinga, Sokoto State', ratio=0.81, states: Sokoto / Sokoto."
MEDIUM_CONFIDENCE_DUPLICATE,868;1083,"'College of Nursing Sciences, Tambuwal, Sokoto State' vs 'Gamji College of Nursing Sciences, Sokoto, Sokoto State', ratio=0.83, states: Sokoto / Sokoto."
MEDIUM_CONFIDENCE_DUPLICATE,868;1084,"'College of Nursing Sciences, Tambuwal, Sokoto State' vs 'Gamji College of Nursing Sciences, Sokoto, Sokoto State', ratio=0.83, states: Sokoto / Sokoto."
HIGH_CONFIDENCE_DUPLICATE,1081;1082,"'Fatima College of Nursing Sciences, Bodinga, Sokoto State' vs 'Fatima College of Nursing Sciences, Bodinga, Sokoto State', ratio=1.00, states: Sokoto / Sokoto."
MEDIUM_CONFIDENCE_DUPLICATE,1081;1083,"'Fatima College of Nursing Sciences, Bodinga, Sokoto State' vs 'Gamji College of Nursing Sciences, Sokoto, Sokoto State', ratio=0.84, states: Sokoto / Sokoto."
MEDIUM_CONFIDENCE_DUPLICATE,1081;1084,"'Fatima College of Nursing Sciences, Bodinga, Sokoto State' vs 'Gamji College of Nursing Sciences, Sokoto, Sokoto State', ratio=0.84, states: Sokoto / Sokoto."
MEDIUM_CONFIDENCE_DUPLICATE,1082;1083,"'Fatima College of Nursing Sciences, Bodinga, Sokoto State' vs 'Gamji College of Nursing Sciences, Sokoto, Sokoto State', ratio=0.84, states: Sokoto / Sokoto."
MEDIUM_CONFIDENCE_DUPLICATE,1082;1084,"'Fatima College of Nursing Sciences, Bodinga, Sokoto State' vs 'Gamji College of Nursing Sciences, Sokoto, Sokoto State', ratio=0.84, states: Sokoto / Sokoto."
HIGH_CONFIDENCE_DUPLICATE,1083;1084,"'Gamji College of Nursing Sciences, Sokoto, Sokoto State' vs 'Gamji College of Nursing Sciences, Sokoto, Sokoto State', ratio=1.00, states: Sokoto / Sokoto."
MEDIUM_CONFIDENCE_DUPLICATE,740;783,"'Shehu Idris College of Health Sciences and Technology, Makarfi' vs 'IDRIS MIKA'IL COLLAGE OF HEALTH SCIENCES AND TECHNOLOGY, RIKOCHI', ratio=0.80, states: unknown / Kaduna."
HIGH_CONFIDENCE_DUPLICATE,427;574,"'College of Administration, Management And Technology, Potiskum' vs 'College of Administration, Management & Technology, Potiskum', ratio=0.97, states: Yobe / unknown."
MEDIUM_CONFIDENCE_DUPLICATE,433;434,"'Uma Ukpai Polytechnic, Ohafia' vs 'Valley View Polytechnic, Ohafia', ratio=0.77, states: Abia / Abia."
MEDIUM_CONFIDENCE_DUPLICATE,435;880,"'MADONNA COLLEGE OF HEALTH TECHNOLOGY, OLOKORO UMUAHIA' vs 'Madonna College of Health Technology, Olokoro Umuahia, Abia State', ratio=0.90, states: Abia / Abia."
MEDIUM_CONFIDENCE_DUPLICATE,439;441,"'Hope Polytechnic, Ikono' vs 'Loam Polytechnic, Ikono', ratio=0.87, states: Akwa Ibom / Akwa Ibom."
MEDIUM_CONFIDENCE_DUPLICATE,453;454,"'Fidei Polytechnic, Gboko' vs 'Gboko Polytechnic, Gboko', ratio=0.79, states: Benue / Benue."
MEDIUM_CONFIDENCE_DUPLICATE,916;926,"'Anchor College of Nursing Sciences, Asaba, Delta State' vs 'ST. PIO COLLEGE OF NURSING SCIENCES, ASABA', ratio=0.76, states: Delta / Delta."
MEDIUM_CONFIDENCE_DUPLICATE,924;926,"'Delta State College of Nursing Sciences, Asaba Campus' vs 'ST. PIO COLLEGE OF NURSING SCIENCES, ASABA', ratio=0.79, states: Delta / Delta."
MEDIUM_CONFIDENCE_DUPLICATE,926;928,"'ST. PIO COLLEGE OF NURSING SCIENCES, ASABA' vs 'Soarster College of Nursing Science, Asaba, Delta State', ratio=0.75, states: Delta / Delta."
HIGH_CONFIDENCE_DUPLICATE,480;634,"'LeadTech School of Management and Technology, Abuja, FCT' vs 'LeadTech School of Management and Technology, Abuja', ratio=0.95, states: Federal Capital Territory / Federal Capital Territory."
HIGH_CONFIDENCE_DUPLICATE,778;949,"'Horizon College of Nursing Sciences, Anagada, Gwagwalada, FCT Abuja' vs 'Horizon Collage of Nursing Sciences, Anagada, Gwagwalada, FCT Abuja', ratio=0.99, states: Federal Capital Territory / Federal Capital Territory."
HIGH_CONFIDENCE_DUPLICATE,778;950,"'Horizon College of Nursing Sciences, Anagada, Gwagwalada, FCT Abuja' vs 'Horizon College of Nursing Sciences, Anagada, Gwagwalada, FCT Abuja', ratio=1.00, states: Federal Capital Territory / Federal Capital Territory."
MEDIUM_CONFIDENCE_DUPLICATE,948;951,"'YAGONGWO COLLEGE OF NURSING SCIENCES, KUJE-ABUJA' vs 'Oasis College of Nursing Sciences, Kuje, FCT Abuja', ratio=0.84, states: Federal Capital Territory / Federal Capital Territory."
MEDIUM_CONFIDENCE_DUPLICATE,948;952,"'YAGONGWO COLLEGE OF NURSING SCIENCES, KUJE-ABUJA' vs 'College of Nursing Sciences, Jahi, FCT Abuja', ratio=0.78, states: Federal Capital Territory / Federal Capital Territory."
HIGH_CONFIDENCE_DUPLICATE,949;950,"'Horizon Collage of Nursing Sciences, Anagada, Gwagwalada, FCT Abuja' vs 'Horizon College of Nursing Sciences, Anagada, Gwagwalada, FCT Abuja', ratio=0.99, states: Federal Capital Territory / Federal Capital Territory."
MEDIUM_CONFIDENCE_DUPLICATE,951;952,"'Oasis College of Nursing Sciences, Kuje, FCT Abuja' vs 'College of Nursing Sciences, Jahi, FCT Abuja', ratio=0.87, states: Federal Capital Territory / Federal Capital Territory."
HIGH_CONFIDENCE_DUPLICATE,481;482,"'Raindrops Institute of Management and Technology, Amannachi, Orsu LGA, Imo State' vs 'Raindrops Institute of Management and Technology, Amannachi, Orsu LGA, Imo State', ratio=1.00, states: Imo / Imo."
HIGH_CONFIDENCE_DUPLICATE,481;483,"'Raindrops Institute of Management and Technology, Amannachi, Orsu LGA, Imo State' vs 'Raindrops Institute of Management and Technology Amannchi, Orsu LGA, Imo State', ratio=0.99, states: Imo / Imo."
HIGH_CONFIDENCE_DUPLICATE,482;483,"'Raindrops Institute of Management and Technology, Amannachi, Orsu LGA, Imo State' vs 'Raindrops Institute of Management and Technology Amannchi, Orsu LGA, Imo State', ratio=0.99, states: Imo / Imo."
HIGH_CONFIDENCE_DUPLICATE,484;647,"'Mustibrah College of Information Technology and Management Studies' vs 'Mustibrah College of Information Technology and Management Studies', ratio=1.00, states: Kano / Kano."
MEDIUM_CONFIDENCE_DUPLICATE,723;725,"'School of Health Information Management, AKTH, Kano' vs 'School of Health Information Management, NAUTH, Nnewi', ratio=0.90, states: Kano / unknown."
MEDIUM_CONFIDENCE_DUPLICATE,723;726,"'School of Health Information Management, AKTH, Kano' vs 'School of Health Information Management, OAUTH, Ile-Ife', ratio=0.87, states: Kano / unknown."
MEDIUM_CONFIDENCE_DUPLICATE,723;727,"'School of Health Information Management, AKTH, Kano' vs 'School of Health Information Management, UBTH, Benin', ratio=0.89, states: Kano / unknown."
MEDIUM_CONFIDENCE_DUPLICATE,723;728,"'School of Health Information Management, AKTH, Kano' vs 'School of Health Information Management, UCTH, Calabar', ratio=0.88, states: Kano / unknown."
MEDIUM_CONFIDENCE_DUPLICATE,723;729,"'School of Health Information Management, AKTH, Kano' vs 'School of Health Information Management, UCH, Ibadan', ratio=0.89, states: Kano / unknown."
MEDIUM_CONFIDENCE_DUPLICATE,723;731,"'School of Health Information Management, AKTH, Kano' vs 'School of Health Information Management, UITH, Ilorin', ratio=0.88, states: Kano / unknown."
MEDIUM_CONFIDENCE_DUPLICATE,723;732,"'School of Health Information Management, AKTH, Kano' vs 'School of Health Information Management, UMTH, Maiduguri', ratio=0.86, states: Kano / unknown."
MEDIUM_CONFIDENCE_DUPLICATE,723;733,"'School of Health Information Management, AKTH, Kano' vs 'School of Health Information Management, UPTH, Port-Harcourt', ratio=0.85, states: Kano / unknown."
MEDIUM_CONFIDENCE_DUPLICATE,723;735,"'School of Health Information Management, AKTH, Kano' vs 'School of Health Information Management, University of Uyo', ratio=0.81, states: Kano / unknown."
MEDIUM_CONFIDENCE_DUPLICATE,724;725,"'School of Health Information Management, ATBUTH, Bauchi' vs 'School of Health Information Management, NAUTH, Nnewi', ratio=0.89, states: Bauchi / unknown."
MEDIUM_CONFIDENCE_DUPLICATE,724;726,"'School of Health Information Management, ATBUTH, Bauchi' vs 'School of Health Information Management, OAUTH, Ile-Ife', ratio=0.87, states: Bauchi / unknown."
MEDIUM_CONFIDENCE_DUPLICATE,724;727,"'School of Health Information Management, ATBUTH, Bauchi' vs 'School of Health Information Management, UBTH, Benin', ratio=0.90, states: Bauchi / unknown."
MEDIUM_CONFIDENCE_DUPLICATE,724;728,"'School of Health Information Management, ATBUTH, Bauchi' vs 'School of Health Information Management, UCTH, Calabar', ratio=0.88, states: Bauchi / unknown."
MEDIUM_CONFIDENCE_DUPLICATE,724;729,"'School of Health Information Management, ATBUTH, Bauchi' vs 'School of Health Information Management, UCH, Ibadan', ratio=0.88, states: Bauchi / unknown."
MEDIUM_CONFIDENCE_DUPLICATE,724;731,"'School of Health Information Management, ATBUTH, Bauchi' vs 'School of Health Information Management, UITH, Ilorin', ratio=0.87, states: Bauchi / unknown."
MEDIUM_CONFIDENCE_DUPLICATE,724;732,"'School of Health Information Management, ATBUTH, Bauchi' vs 'School of Health Information Management, UMTH, Maiduguri', ratio=0.88, states: Bauchi / unknown."
MEDIUM_CONFIDENCE_DUPLICATE,724;733,"'School of Health Information Management, ATBUTH, Bauchi' vs 'School of Health Information Management, UPTH, Port-Harcourt', ratio=0.83, states: Bauchi / unknown."
MEDIUM_CONFIDENCE_DUPLICATE,724;735,"'School of Health Information Management, ATBUTH, Bauchi' vs 'School of Health Information Management, University of Uyo', ratio=0.76, states: Bauchi / unknown."
MEDIUM_CONFIDENCE_DUPLICATE,725;726,"'School of Health Information Management, NAUTH, Nnewi' vs 'School of Health Information Management, OAUTH, Ile-Ife', ratio=0.91, states: unknown / unknown."
MEDIUM_CONFIDENCE_DUPLICATE,725;727,"'School of Health Information Management, NAUTH, Nnewi' vs 'School of Health Information Management, UBTH, Benin', ratio=0.91, states: unknown / unknown."
MEDIUM_CONFIDENCE_DUPLICATE,725;728,"'School of Health Information Management, NAUTH, Nnewi' vs 'School of Health Information Management, UCTH, Calabar', ratio=0.86, states: unknown / unknown."
MEDIUM_CONFIDENCE_DUPLICATE,725;729,"'School of Health Information Management, NAUTH, Nnewi' vs 'School of Health Information Management, UCH, Ibadan', ratio=0.88, states: unknown / unknown."
MEDIUM_CONFIDENCE_DUPLICATE,725;730,"'School of Health Information Management, NAUTH, Nnewi' vs 'School of Health Information Management, UDUTH, Sokoto', ratio=0.86, states: unknown / Sokoto."
MEDIUM_CONFIDENCE_DUPLICATE,725;731,"'School of Health Information Management, NAUTH, Nnewi' vs 'School of Health Information Management, UITH, Ilorin', ratio=0.89, states: unknown / unknown."
MEDIUM_CONFIDENCE_DUPLICATE,725;732,"'School of Health Information Management, NAUTH, Nnewi' vs 'School of Health Information Management, UMTH, Maiduguri', ratio=0.86, states: unknown / unknown."
MEDIUM_CONFIDENCE_DUPLICATE,725;733,"'School of Health Information Management, NAUTH, Nnewi' vs 'School of Health Information Management, UPTH, Port-Harcourt', ratio=0.81, states: unknown / unknown."
MEDIUM_CONFIDENCE_DUPLICATE,725;734,"'School of Health Information Management, NAUTH, Nnewi' vs 'School of Health Information Management, LUTH, Idi Araba, Lagos', ratio=0.81, states: unknown / Lagos."
MEDIUM_CONFIDENCE_DUPLICATE,725;735,"'School of Health Information Management, NAUTH, Nnewi' vs 'School of Health Information Management, University of Uyo', ratio=0.77, states: unknown / unknown."
MEDIUM_CONFIDENCE_DUPLICATE,725;748,"'School of Health Information Management, NAUTH, Nnewi' vs 'School of Health Information Management, Aminu Kano Teaching Hospital, Kano', ratio=0.75, states: unknown / Kano."
MEDIUM_CONFIDENCE_DUPLICATE,726;727,"'School of Health Information Management, OAUTH, Ile-Ife' vs 'School of Health Information Management, UBTH, Benin', ratio=0.88, states: unknown / unknown."
MEDIUM_CONFIDENCE_DUPLICATE,726;728,"'School of Health Information Management, OAUTH, Ile-Ife' vs 'School of Health Information Management, UCTH, Calabar', ratio=0.86, states: unknown / unknown."
MEDIUM_CONFIDENCE_DUPLICATE,726;729,"'School of Health Information Management, OAUTH, Ile-Ife' vs 'School of Health Information Management, UCH, Ibadan', ratio=0.86, states: unknown / unknown."
MEDIUM_CONFIDENCE_DUPLICATE,726;730,"'School of Health Information Management, OAUTH, Ile-Ife' vs 'School of Health Information Management, UDUTH, Sokoto', ratio=0.84, states: unknown / Sokoto."
MEDIUM_CONFIDENCE_DUPLICATE,726;731,"'School of Health Information Management, OAUTH, Ile-Ife' vs 'School of Health Information Management, UITH, Ilorin', ratio=0.91, states: unknown / unknown."
MEDIUM_CONFIDENCE_DUPLICATE,726;732,"'School of Health Information Management, OAUTH, Ile-Ife' vs 'School of Health Information Management, UMTH, Maiduguri', ratio=0.86, states: unknown / unknown."
MEDIUM_CONFIDENCE_DUPLICATE,726;733,"'School of Health Information Management, OAUTH, Ile-Ife' vs 'School of Health Information Management, UPTH, Port-Harcourt', ratio=0.82, states: unknown / unknown."
MEDIUM_CONFIDENCE_DUPLICATE,726;734,"'School of Health Information Management, OAUTH, Ile-Ife' vs 'School of Health Information Management, LUTH, Idi Araba, Lagos', ratio=0.81, states: unknown / Lagos."
MEDIUM_CONFIDENCE_DUPLICATE,726;735,"'School of Health Information Management, OAUTH, Ile-Ife' vs 'School of Health Information Management, University of Uyo', ratio=0.76, states: unknown / unknown."
MEDIUM_CONFIDENCE_DUPLICATE,727;728,"'School of Health Information Management, UBTH, Benin' vs 'School of Health Information Management, UCTH, Calabar', ratio=0.89, states: unknown / unknown."
MEDIUM_CONFIDENCE_DUPLICATE,727;729,"'School of Health Information Management, UBTH, Benin' vs 'School of Health Information Management, UCH, Ibadan', ratio=0.90, states: unknown / unknown."
MEDIUM_CONFIDENCE_DUPLICATE,727;730,"'School of Health Information Management, UBTH, Benin' vs 'School of Health Information Management, UDUTH, Sokoto', ratio=0.87, states: unknown / Sokoto."
MEDIUM_CONFIDENCE_DUPLICATE,727;731,"'School of Health Information Management, UBTH, Benin' vs 'School of Health Information Management, UITH, Ilorin', ratio=0.91, states: unknown / unknown."
MEDIUM_CONFIDENCE_DUPLICATE,727;732,"'School of Health Information Management, UBTH, Benin' vs 'School of Health Information Management, UMTH, Maiduguri', ratio=0.87, states: unknown / unknown."
MEDIUM_CONFIDENCE_DUPLICATE,727;733,"'School of Health Information Management, UBTH, Benin' vs 'School of Health Information Management, UPTH, Port-Harcourt', ratio=0.82, states: unknown / unknown."
MEDIUM_CONFIDENCE_DUPLICATE,727;734,"'School of Health Information Management, UBTH, Benin' vs 'School of Health Information Management, LUTH, Idi Araba, Lagos', ratio=0.82, states: unknown / Lagos."
MEDIUM_CONFIDENCE_DUPLICATE,727;735,"'School of Health Information Management, UBTH, Benin' vs 'School of Health Information Management, University of Uyo', ratio=0.80, states: unknown / unknown."
MEDIUM_CONFIDENCE_DUPLICATE,728;729,"'School of Health Information Management, UCTH, Calabar' vs 'School of Health Information Management, UCH, Ibadan', ratio=0.91, states: unknown / unknown."
MEDIUM_CONFIDENCE_DUPLICATE,728;730,"'School of Health Information Management, UCTH, Calabar' vs 'School of Health Information Management, UDUTH, Sokoto', ratio=0.85, states: unknown / Sokoto."
MEDIUM_CONFIDENCE_DUPLICATE,728;731,"'School of Health Information Management, UCTH, Calabar' vs 'School of Health Information Management, UITH, Ilorin', ratio=0.90, states: unknown / unknown."
MEDIUM_CONFIDENCE_DUPLICATE,728;732,"'School of Health Information Management, UCTH, Calabar' vs 'School of Health Information Management, UMTH, Maiduguri', ratio=0.87, states: unknown / unknown."
MEDIUM_CONFIDENCE_DUPLICATE,728;733,"'School of Health Information Management, UCTH, Calabar' vs 'School of Health Information Management, UPTH, Port-Harcourt', ratio=0.84, states: unknown / unknown."
MEDIUM_CONFIDENCE_DUPLICATE,728;734,"'School of Health Information Management, UCTH, Calabar' vs 'School of Health Information Management, LUTH, Idi Araba, Lagos', ratio=0.85, states: unknown / Lagos."
MEDIUM_CONFIDENCE_DUPLICATE,728;735,"'School of Health Information Management, UCTH, Calabar' vs 'School of Health Information Management, University of Uyo', ratio=0.79, states: unknown / unknown."
MEDIUM_CONFIDENCE_DUPLICATE,729;730,"'School of Health Information Management, UCH, Ibadan' vs 'School of Health Information Management, UDUTH, Sokoto', ratio=0.85, states: unknown / Sokoto."
MEDIUM_CONFIDENCE_DUPLICATE,729;731,"'School of Health Information Management, UCH, Ibadan' vs 'School of Health Information Management, UITH, Ilorin', ratio=0.90, states: unknown / unknown."
MEDIUM_CONFIDENCE_DUPLICATE,729;732,"'School of Health Information Management, UCH, Ibadan' vs 'School of Health Information Management, UMTH, Maiduguri', ratio=0.87, states: unknown / unknown."
MEDIUM_CONFIDENCE_DUPLICATE,729;733,"'School of Health Information Management, UCH, Ibadan' vs 'School of Health Information Management, UPTH, Port-Harcourt', ratio=0.82, states: unknown / unknown."
MEDIUM_CONFIDENCE_DUPLICATE,729;734,"'School of Health Information Management, UCH, Ibadan' vs 'School of Health Information Management, LUTH, Idi Araba, Lagos', ratio=0.85, states: unknown / Lagos."
MEDIUM_CONFIDENCE_DUPLICATE,729;735,"'School of Health Information Management, UCH, Ibadan' vs 'School of Health Information Management, University of Uyo', ratio=0.78, states: unknown / unknown."
MEDIUM_CONFIDENCE_DUPLICATE,729;748,"'School of Health Information Management, UCH, Ibadan' vs 'School of Health Information Management, Aminu Kano Teaching Hospital, Kano', ratio=0.76, states: unknown / Kano."
MEDIUM_CONFIDENCE_DUPLICATE,730;731,"'School of Health Information Management, UDUTH, Sokoto' vs 'School of Health Information Management, UITH, Ilorin', ratio=0.88, states: Sokoto / unknown."
MEDIUM_CONFIDENCE_DUPLICATE,730;732,"'School of Health Information Management, UDUTH, Sokoto' vs 'School of Health Information Management, UMTH, Maiduguri', ratio=0.84, states: Sokoto / unknown."
MEDIUM_CONFIDENCE_DUPLICATE,730;733,"'School of Health Information Management, UDUTH, Sokoto' vs 'School of Health Information Management, UPTH, Port-Harcourt', ratio=0.86, states: Sokoto / unknown."
MEDIUM_CONFIDENCE_DUPLICATE,730;735,"'School of Health Information Management, UDUTH, Sokoto' vs 'School of Health Information Management, University of Uyo', ratio=0.79, states: Sokoto / unknown."
MEDIUM_CONFIDENCE_DUPLICATE,731;732,"'School of Health Information Management, UITH, Ilorin' vs 'School of Health Information Management, UMTH, Maiduguri', ratio=0.90, states: unknown / unknown."
MEDIUM_CONFIDENCE_DUPLICATE,731;733,"'School of Health Information Management, UITH, Ilorin' vs 'School of Health Information Management, UPTH, Port-Harcourt', ratio=0.85, states: unknown / unknown."
MEDIUM_CONFIDENCE_DUPLICATE,731;734,"'School of Health Information Management, UITH, Ilorin' vs 'School of Health Information Management, LUTH, Idi Araba, Lagos', ratio=0.84, states: unknown / Lagos."
MEDIUM_CONFIDENCE_DUPLICATE,731;735,"'School of Health Information Management, UITH, Ilorin' vs 'School of Health Information Management, University of Uyo', ratio=0.83, states: unknown / unknown."
MEDIUM_CONFIDENCE_DUPLICATE,732;733,"'School of Health Information Management, UMTH, Maiduguri' vs 'School of Health Information Management, UPTH, Port-Harcourt', ratio=0.84, states: unknown / unknown."
MEDIUM_CONFIDENCE_DUPLICATE,732;734,"'School of Health Information Management, UMTH, Maiduguri' vs 'School of Health Information Management, LUTH, Idi Araba, Lagos', ratio=0.82, states: unknown / Lagos."
MEDIUM_CONFIDENCE_DUPLICATE,732;735,"'School of Health Information Management, UMTH, Maiduguri' vs 'School of Health Information Management, University of Uyo', ratio=0.79, states: unknown / unknown."
MEDIUM_CONFIDENCE_DUPLICATE,733;734,"'School of Health Information Management, UPTH, Port-Harcourt' vs 'School of Health Information Management, LUTH, Idi Araba, Lagos', ratio=0.81, states: unknown / Lagos."
MEDIUM_CONFIDENCE_DUPLICATE,733;735,"'School of Health Information Management, UPTH, Port-Harcourt' vs 'School of Health Information Management, University of Uyo', ratio=0.80, states: unknown / unknown."
MEDIUM_CONFIDENCE_DUPLICATE,734;735,"'School of Health Information Management, LUTH, Idi Araba, Lagos' vs 'School of Health Information Management, University of Uyo', ratio=0.76, states: Lagos / unknown."
MEDIUM_CONFIDENCE_DUPLICATE,500;501,"'Paramount Polytechnic, Ejigbo' vs 'Ronik Polytechnic, Ejigbo, Ikeja', ratio=0.75, states: Lagos / Lagos."
HIGH_CONFIDENCE_DUPLICATE,1028;1033,"'THE SIGNATURE COLLEGE OF NURSING SCIENCES, KARU, NASARAWA STATE' vs 'Signature College of Nursing Sciences Karu, Nassarawa State', ratio=0.95, states: Nasarawa / Nasarawa."
MEDIUM_CONFIDENCE_DUPLICATE,713;736,"'Millenneium College of Health Technology, Akure' vs 'School of Health Technology, Akure', ratio=0.77, states: unknown / unknown."
HIGH_CONFIDENCE_DUPLICATE,831;832,"'Iseyin Collage of Science and Health Technology, iseyin, Oyo State' vs 'Iseyin College of Science & Health Technology Iseyin, Oyo State', ratio=0.94, states: Oyo / Oyo."
MEDIUM_CONFIDENCE_DUPLICATE,544;545,"'Federal College of Animal Health & Production Technology, Ibadan,' vs 'Federal College of Animal Health & Production Technology, Vom', ratio=0.92, states: unknown / unknown."
MEDIUM_CONFIDENCE_DUPLICATE,551;629,"'Federal College of Forestry Resources Management, Ishiagu' vs 'Federal College of Forest Resources Management, Ishiagu, Ebonyi State', ratio=0.87, states: unknown / Ebonyi."
HIGH_CONFIDENCE_DUPLICATE,553;619,"'Federal College of Freshwater Fisheries Technology, New Bussa' vs 'Federal College of Freshwater Fisheries Technology, Baga', ratio=0.92, states: unknown / Borno."
MEDIUM_CONFIDENCE_DUPLICATE,547;548,"'Federal College of Forestry, Ibadan' vs 'Federal College of Forestry, Jos', ratio=0.87, states: unknown / unknown."
MEDIUM_CONFIDENCE_DUPLICATE,550;551,"'Federal College of Forestry Resources Management, Fugar' vs 'Federal College of Forestry Resources Management, Ishiagu', ratio=0.91, states: unknown / unknown."
HIGH_CONFIDENCE_DUPLICATE,550;552,"'Federal College of Forestry Resources Management, Fugar' vs 'Federal College of Forestry Resources Management, Maiduguri', ratio=0.93, states: unknown / unknown."
MEDIUM_CONFIDENCE_DUPLICATE,551;552,"'Federal College of Forestry Resources Management, Ishiagu' vs 'Federal College of Forestry Resources Management, Maiduguri', ratio=0.91, states: unknown / unknown."
MEDIUM_CONFIDENCE_DUPLICATE,550;629,"'Federal College of Forestry Resources Management, Fugar' vs 'Federal College of Forest Resources Management, Ishiagu, Ebonyi State', ratio=0.81, states: unknown / Ebonyi."
MEDIUM_CONFIDENCE_DUPLICATE,552;629,"'Federal College of Forestry Resources Management, Maiduguri' vs 'Federal College of Forest Resources Management, Ishiagu, Ebonyi State', ratio=0.81, states: unknown / Ebonyi."
HIGH_CONFIDENCE_DUPLICATE,555;556,"'Federal College of Land Resources Technology, Kuru' vs 'Federal College of Land Resources Technology, Owerri', ratio=0.92, states: unknown / unknown."
MEDIUM_CONFIDENCE_DUPLICATE,554;639,"'Federal College of Horticultural Technology, Dadin Kowa' vs 'Federal College of Horticulture, Dadin-Kowa, Gombe State', ratio=0.77, states: unknown / Gombe."
MEDIUM_CONFIDENCE_DUPLICATE,565;566,"'School of Biomedical Engineering Technology, ABUTH, Shika-Zaria' vs 'School of Biomedical Engineering Technology, Luth, Idi Araba', ratio=0.89, states: unknown / unknown."
MEDIUM_CONFIDENCE_DUPLICATE,565;568,"'School of Biomedical Engineering Technology, ABUTH, Shika-Zaria' vs 'School of Biomedical Engineering, UMTH, Maiduguri', ratio=0.75, states: unknown / unknown."
MEDIUM_CONFIDENCE_DUPLICATE,566;567,"'School of Biomedical Engineering Technology, Luth, Idi Araba' vs 'School of Biomedical Engineering, UBTH, Benin', ratio=0.76, states: unknown / unknown."
MEDIUM_CONFIDENCE_DUPLICATE,566;568,"'School of Biomedical Engineering Technology, Luth, Idi Araba' vs 'School of Biomedical Engineering, UMTH, Maiduguri', ratio=0.77, states: unknown / unknown."
MEDIUM_CONFIDENCE_DUPLICATE,567;568,"'School of Biomedical Engineering, UBTH, Benin' vs 'School of Biomedical Engineering, UMTH, Maiduguri', ratio=0.85, states: unknown / unknown."
MEDIUM_CONFIDENCE_DUPLICATE,573;582,"'College of Business and Management Studies, Konduga' vs 'Harvarde College of Business and Management Studies, Abeokuta', ratio=0.84, states: unknown / unknown."
MEDIUM_CONFIDENCE_DUPLICATE,573;665,"'College of Business and Management Studies, Konduga' vs 'Pemgo College of Business and Management Studies Karu, Nasarawa State', ratio=0.77, states: unknown / Nasarawa."
MEDIUM_CONFIDENCE_DUPLICATE,573;670,"'College of Business and Management Studies, Konduga' vs 'Adecom College of Business and Management Studies, Ibadan', ratio=0.83, states: unknown / Oyo."
MEDIUM_CONFIDENCE_DUPLICATE,582;665,"'Harvarde College of Business and Management Studies, Abeokuta' vs 'Pemgo College of Business and Management Studies Karu, Nasarawa State', ratio=0.75, states: unknown / Nasarawa."
MEDIUM_CONFIDENCE_DUPLICATE,582;670,"'Harvarde College of Business and Management Studies, Abeokuta' vs 'Adecom College of Business and Management Studies, Ibadan', ratio=0.85, states: unknown / Oyo."
MEDIUM_CONFIDENCE_DUPLICATE,643;644,"'Khemsafe College of Management, Science and Technology' vs 'Khemsafe College of Management, Science, and Technology, Kaduna, Kaduna State', ratio=0.82, states: Kaduna / Kaduna."
MEDIUM_CONFIDENCE_DUPLICATE,857;888,"'College of Nursing Science, Ahmadu Bello University Teaching Hospital Zaria' vs 'College of Nursing Sciences, University of Uyo Teaching Hospital (UUTH)', ratio=0.79, states: unknown / Akwa Ibom."
MEDIUM_CONFIDENCE_DUPLICATE,857;890,"'College of Nursing Science, Ahmadu Bello University Teaching Hospital Zaria' vs 'College of Nursing Sciences, University of Uyo Teaching Hospital', ratio=0.81, states: unknown / Akwa Ibom."
MEDIUM_CONFIDENCE_DUPLICATE,857;910,"'College of Nursing Science, Ahmadu Bello University Teaching Hospital Zaria' vs 'College of Nursing Sciences, University of Maiduguri Teaching Hospital ,Maiduguri', ratio=0.77, states: unknown / Borno."
MEDIUM_CONFIDENCE_DUPLICATE,857;929,"'College of Nursing Science, Ahmadu Bello University Teaching Hospital Zaria' vs 'COLLEGE OF NURSING SCIENCES ALEX EKWUEME FEDERAL UNIVERSITY TEACHING HOSPITAL ABAKALIKI', ratio=0.78, states: unknown / Ebonyi."
MEDIUM_CONFIDENCE_DUPLICATE,857;1069,"'College of Nursing Science, Ahmadu Bello University Teaching Hospital Zaria' vs 'College of Nursing Sciences, Bowen University Teaching Hospital, Ogbomosho', ratio=0.81, states: unknown / Oyo."
MEDIUM_CONFIDENCE_DUPLICATE,857;1079,"'College of Nursing Science, Ahmadu Bello University Teaching Hospital Zaria' vs 'College of Nursing Sciences, University of Port- Harcourt Teaching Hospital', ratio=0.75, states: unknown / Rivers."
HIGH_CONFIDENCE_DUPLICATE,888;890,"'College of Nursing Sciences, University of Uyo Teaching Hospital (UUTH)' vs 'College of Nursing Sciences, University of Uyo Teaching Hospital', ratio=0.96, states: Akwa Ibom / Akwa Ibom."
MEDIUM_CONFIDENCE_DUPLICATE,701;722,"'Cross Rivers State College of Health Technology, Calabar' vs 'Rivers State College of Health Technology, Port Harcourt', ratio=0.80, states: Rivers / Rivers."
MEDIUM_CONFIDENCE_DUPLICATE,737;739,"'School of Orthopaedic Cast Technology, LASUTH Ikeja, Lagos State' vs 'School of Orthopedic Cast Technology, UITH, Ilorin', ratio=0.79, states: Lagos / unknown."
MEDIUM_CONFIDENCE_DUPLICATE,738;739,"'School of Orthopaedic Cast Technology, NOH, Dala, Kano' vs 'School of Orthopedic Cast Technology, UITH, Ilorin', ratio=0.83, states: Kano / unknown."
MEDIUM_CONFIDENCE_DUPLICATE,739;776,"'School of Orthopedic Cast Technology, UITH, Ilorin' vs 'School of Orthopaedic Cast Technology, NOH, Enugu', ratio=0.85, states: unknown / Enugu."
MEDIUM_CONFIDENCE_DUPLICATE,941;945,"'COLLEGE OF NURSING SCIENCES, BISHOP SHANAHAN SPECIALIST HOPITAL NSUKKA.' vs 'College of Nursing Sciences Oji River Mission Specialist Hospital', ratio=0.76, states: Enugu / Enugu."
MEDIUM_CONFIDENCE_DUPLICATE,1004;1006,"'Cherish College of Nursing and Midwifery, Batsari' vs 'Cherish College of Nursing and Midwifery, Batsari, Katsina State', ratio=0.87, states: Katsina / Katsina."
MEDIUM_CONFIDENCE_DUPLICATE,925;927,"'Royal Mira College of Nursing Sciences' vs 'Royal Mira College of Nursing Sciences, Owa-Oyibu, Delta', ratio=0.81, states: Delta / Delta."
MEDIUM_CONFIDENCE_DUPLICATE,1077;1078,"'SAHLAN COLLEGE OF NURSING AND MIDWIFERY' vs 'Plateau State College of Nursing and Midwifery, VOM', ratio=0.78, states: Plateau / Plateau."
MEDIUM_CONFIDENCE_DUPLICATE,839;868,"'College of Nursing Sciences Tambuwal' vs 'College of Nursing Sciences, Tambuwal, Sokoto State', ratio=0.83, states: unknown / Sokoto."
MEDIUM_CONFIDENCE_DUPLICATE,959;961,"'Merit College Of Nursing Sciences Orlu' vs 'Imo State College of Nursing Sciences, Orlu', ratio=0.86, states: Imo / Imo."
MEDIUM_CONFIDENCE_DUPLICATE,1032;1033,"'Kariyoma College of Nursing Sciences Lafia, Nassarawa State' vs 'Signature College of Nursing Sciences Karu, Nassarawa State', ratio=0.83, states: Nasarawa / Nasarawa."
MEDIUM_CONFIDENCE_DUPLICATE,1049;1051,"'CHEP COLLEGE OF NURSING SCIENCES LTD_GTE' vs 'Chep College of Nursing Sciences, Ota', ratio=0.88, states: Ogun / Ogun."
HIGH_CONFIDENCE_DUPLICATE,1064;1065,"'Adeniyi College of Nursing Sciences, Igbope, Oyo State' vs 'Adeniyi College of Nursing Sciences, Igbope, Oyo State', ratio=1.00, states: Oyo / Oyo."
HIGH_CONFIDENCE_DUPLICATE,1064;1066,"'Adeniyi College of Nursing Sciences, Igbope, Oyo State' vs 'Adeniyi College of Nursing Sciences, Igbope, Oyo State', ratio=1.00, states: Oyo / Oyo."
HIGH_CONFIDENCE_DUPLICATE,1065;1066,"'Adeniyi College of Nursing Sciences, Igbope, Oyo State' vs 'Adeniyi College of Nursing Sciences, Igbope, Oyo State', ratio=1.00, states: Oyo / Oyo."
MEDIUM_CONFIDENCE_DUPLICATE,1101;1332,"'Adesina College of Education, Share, Kwara State' vs 'Talent Finders College of Education, Ilala, Kwara State', ratio=0.80, states: Kwara / Kwara."
MEDIUM_CONFIDENCE_DUPLICATE,1298;1305,"'Osisa Tech. College of Education, Enugu' vs 'Peaceland College of Education, Enugu', ratio=0.80, states: Enugu / Enugu."
MEDIUM_CONFIDENCE_DUPLICATE,1107;1266,"'AL HIKMA COLLEGE OF EDUCATION, ANKPA' vs 'Kogi State College of Education, Ankpa', ratio=0.78, states: Kogi / Kogi."
MEDIUM_CONFIDENCE_DUPLICATE,1107;1304,"'AL HIKMA COLLEGE OF EDUCATION, ANKPA' vs 'Peace College Of Education Ankpa', ratio=0.82, states: Kogi / Kogi."
MEDIUM_CONFIDENCE_DUPLICATE,1266;1304,"'Kogi State College of Education, Ankpa' vs 'Peace College Of Education Ankpa', ratio=0.83, states: Kogi / Kogi."
MEDIUM_CONFIDENCE_DUPLICATE,1108;1112,"'Al-fajr College of Education, Kano' vs 'Al-Mustafa College of Education, Kano', ratio=0.90, states: Kano / Kano."
MEDIUM_CONFIDENCE_DUPLICATE,1108;1120,"'Al-fajr College of Education, Kano' vs 'Annur College of Education Kano', ratio=0.86, states: Kano / Kano."
HIGH_CONFIDENCE_DUPLICATE,1108;1170,"'Al-fajr College of Education, Kano' vs 'Dala College of Education, Kano', ratio=0.92, states: Kano / Kano."
MEDIUM_CONFIDENCE_DUPLICATE,1108;1320,"'Al-fajr College of Education, Kano' vs 'S. Light College of Education, Kano', ratio=0.82, states: Kano / Kano."
MEDIUM_CONFIDENCE_DUPLICATE,1112;1120,"'Al-Mustafa College of Education, Kano' vs 'Annur College of Education Kano', ratio=0.82, states: Kano / Kano."
MEDIUM_CONFIDENCE_DUPLICATE,1112;1170,"'Al-Mustafa College of Education, Kano' vs 'Dala College of Education, Kano', ratio=0.88, states: Kano / Kano."
MEDIUM_CONFIDENCE_DUPLICATE,1112;1320,"'Al-Mustafa College of Education, Kano' vs 'S. Light College of Education, Kano', ratio=0.82, states: Kano / Kano."
MEDIUM_CONFIDENCE_DUPLICATE,1116;1120,"'Aminu Kano College of Education' vs 'Annur College of Education Kano', ratio=0.77, states: Kano / Kano."
MEDIUM_CONFIDENCE_DUPLICATE,1120;1170,"'Annur College of Education Kano' vs 'Dala College of Education, Kano', ratio=0.87, states: Kano / Kano."
MEDIUM_CONFIDENCE_DUPLICATE,1120;1320,"'Annur College of Education Kano' vs 'S. Light College of Education, Kano', ratio=0.80, states: Kano / Kano."
MEDIUM_CONFIDENCE_DUPLICATE,1170;1320,"'Dala College of Education, Kano' vs 'S. Light College of Education, Kano', ratio=0.86, states: Kano / Kano."
MEDIUM_CONFIDENCE_DUPLICATE,1138;1205,"'Climax College of Education, Bauchi' vs 'Federal College of Education Bauchi', ratio=0.83, states: Bauchi / Bauchi."
MEDIUM_CONFIDENCE_DUPLICATE,1136;1250,"'Christian College of Education, Gombe' vs 'JIBWIS College of Education Gombe', ratio=0.83, states: Gombe / Gombe."
MEDIUM_CONFIDENCE_DUPLICATE,1157;1207,"'College of Education, Ikere-Ekiti' vs 'Federal College of Education Ilawe-Ekiti', ratio=0.79, states: Ekiti / Ekiti."
MEDIUM_CONFIDENCE_DUPLICATE,1158;1256,"'College of Education, Ila-Orangun, Osun State' vs 'Job College of Education, Ila-Orangun', ratio=0.80, states: Osun / Osun."
MEDIUM_CONFIDENCE_DUPLICATE,1187;1336,"'Elizabeth Memorial College of Education Nsukka' vs 'The College of Education, Nsukka', ratio=0.79, states: Enugu / Enugu."
MEDIUM_CONFIDENCE_DUPLICATE,1210;1325,"'Federal College of Education Sokoto' vs 'Shehu Shagari College of Education, Sokoto', ratio=0.78, states: Sokoto / Sokoto."
MEDIUM_CONFIDENCE_DUPLICATE,1211;1353,"'Federal College of Education, Abeokuta' vs 'Yewa Central College of Education, Ayetoro, Abeokuta', ratio=0.80, states: Ogun / Ogun."
MEDIUM_CONFIDENCE_DUPLICATE,1216;1224,"'Federal College of Education, Odugbo, Benue State' vs 'Gboko College of Education Benue State', ratio=0.76, states: Benue / Benue."
MEDIUM_CONFIDENCE_DUPLICATE,1221;1234,"'First De-Wise College of Education, Ilorin' vs 'His Grace College of Education, Ilorin', ratio=0.80, states: Kwara / Kwara."
MEDIUM_CONFIDENCE_DUPLICATE,1221;1282,"'First De-Wise College of Education, Ilorin' vs 'Muhyideen College of Education, Ilorin', ratio=0.82, states: Kwara / Kwara."
MEDIUM_CONFIDENCE_DUPLICATE,1234;1282,"'His Grace College of Education, Ilorin' vs 'Muhyideen College of Education, Ilorin', ratio=0.84, states: Kwara / Kwara."
MEDIUM_CONFIDENCE_DUPLICATE,1228;1234,"'Grace City College of Education' vs 'His Grace College of Education, Ilorin', ratio=0.75, states: Kwara / Kwara."
SAME_NAME_DIFFERENT_STATE,1249;1251,"'JIBWIS College of Education' vs 'JIBWIS College of Education Jos', ratio=0.93, states differ (Nasarawa vs Plateau)."
MEDIUM_CONFIDENCE_DUPLICATE,1265;1266,"'Kogi East College of Education' vs 'Kogi State College of Education, Ankpa', ratio=0.82, states: Kogi / Kogi."
MEDIUM_CONFIDENCE_DUPLICATE,1265;1267,"'Kogi East College of Education' vs 'Kogi State College of Education, Kabba', ratio=0.82, states: Kogi / Kogi."
HIGH_CONFIDENCE_DUPLICATE,1266;1267,"'Kogi State College of Education, Ankpa' vs 'Kogi State College of Education, Kabba', ratio=0.92, states: Kogi / Kogi."
SHORT_NAME_COLLISION,483,"Generated 'RAOLI' collides repeatedly, needs a manual short_name."
SHORT_NAME_COLLISION,950,"Generated 'HCAGFA' collides repeatedly, needs a manual short_name."
SHORT_NAME_COLLISION,990,"Generated 'FCBK' collides repeatedly, needs a manual short_name."
SHORT_NAME_COLLISION,991,"Generated 'AIDCHK' collides repeatedly, needs a manual short_name."
SHORT_NAME_COLLISION,1011,"Generated 'KCK' collides repeatedly, needs a manual short_name."
SHORT_NAME_COLLISION,1066,"Generated 'ACIO' collides repeatedly, needs a manual short_name."
SHORT_NAME_COLLISION,1189,"Generated 'SOMETHINGEDU' collides repeatedly, needs a manual short_name."
SHORT_NAME_COLLISION,1190,"Generated 'SOMETHINGEDU' collides repeatedly, needs a manual short_name."
SHORT_NAME_COLLISION,1203,"Generated 'CG' collides repeatedly, needs a manual short_name."
SHORT_NAME_COLLISION,1264,"Generated 'NONE' collides repeatedly, needs a manual short_name."
SHORT_NAME_COLLISION,1283,"Generated 'NODOMAIN' collides repeatedly, needs a manual short_name."
SHORT_NAME_COLLISION,1293,"Generated 'OC' collides repeatedly, needs a manual short_name."
SHORT_NAME_COLLISION,1297,"Generated 'NODOMAIN' collides repeatedly, needs a manual short_name."
SHORT_NAME_COLLISION,1308,"Generated 'NODOMAIN' collides repeatedly, needs a manual short_name."
SHORT_NAME_COLLISION,1310,"Generated 'NODOMAIN' collides repeatedly, needs a manual short_name."
SHORT_NAME_COLLISION,1313,"Generated 'NODOMAIN' collides repeatedly, needs a manual short_name."
SHORT_NAME_COLLISION,1314,"Generated 'NODOMAIN' collides repeatedly, needs a manual short_name."
SHORT_NAME_COLLISION,1341,"Generated 'NONE' collides repeatedly, needs a manual short_name."
MISSING_STATE_AND_OWNERSHIP,536,'Yenagoa Polytechnic' has neither.
MISSING_STATE_AND_OWNERSHIP,747,"'Sultan Abdulrahman College of Health Technology Gwadabawa, Sokot State' has neither."
MISSING_STATE_AND_OWNERSHIP,754,"'School of Orthopedic Cast Technology, University of Ilorin Teaching Hospital, Ilorin' has neither."
